[
    {
        "model": "core.user",
        "pk": 1,
        "fields": {
            "password": "",
            "last_login": null,
            "is_superuser": false,
            "username": "Chandu",
            "first_name": "GNANESWARARAO",
            "last_name": "polaki",
            "is_staff": false,
            "is_active": true,
            "phone": "9063003290",
            "email": "polakignaneswararao@gmail.com",
            "jntuno": "wq",
            "date_joined": "2024-12-18",
            "image": "default.jpg",
            "branch": "CSE",
            "college": "GMRIT",
            "groups": [],
            "user_permissions": []
        }
    },
    {
        "model": "core.user",
        "pk": 3,
        "fields": {
            "password": "pbkdf2_sha256$720000$c9EsDfypwTyk1vy3QIloa3$BvU02XrLZn6/3FpQj7OCkjB0ixhJijpa2BigfE3Knr0=",
            "last_login": "2025-01-09T16:23:56.229Z",
            "is_superuser": false,
            "username": "Chandu11",
            "first_name": "GNANESWARARAO",
            "last_name": "polaki",
            "is_staff": true,
            "is_active": true,
            "phone": "9063003290",
            "email": "polakignaneswararao1@gmail.com",
            "jntuno": "wq",
            "date_joined": "2024-12-20",
            "image": "WhatsApp_Image_2024-12-15_at_16.37.18_fba71d6d_kCtOlHZ.jpg",
            "branch": "CSE",
            "college": "GMRIT",
            "groups": [],
            "user_permissions": []
        }
    },
    {
        "model": "core.user",
        "pk": 4,
        "fields": {
            "password": "pbkdf2_sha256$720000$9hVRKuX0nG2C4mKalAxmOt$pEO2n/F2R7BYhzQMUHvCJ0RBLc04LJyRUOlp3+bDB4I=",
            "last_login": "2025-01-20T09:57:36.467Z",
            "is_superuser": false,
            "username": "Manoj1",
            "first_name": "GNANESWARARAO",
            "last_name": "POLAKI",
            "is_staff": false,
            "is_active": true,
            "phone": "9003290",
            "email": "polakignaneswa0@gmail.com",
            "jntuno": "22341A4515",
            "date_joined": "2025-01-21",
            "image": "profile_pictures/DSC_4328_JDrBW6p.JPG",
            "branch": "CSE",
            "college": "GMRIT",
            "groups": [],
            "user_permissions": []
        }
    },
    {
        "model": "core.user",
        "pk": 5,
        "fields": {
            "password": "pbkdf2_sha256$720000$mN1qlT37Q7Kls2vimUV2aF$0OGXnksHgBtWaWlEqzhjRALeLZFwwJnczfAktOsus/I=",
            "last_login": "2025-01-21T16:40:40.161Z",
            "is_superuser": true,
            "username": "Gnaneswararao",
            "first_name": "Gnaneswararao",
            "last_name": "polaki",
            "is_staff": true,
            "is_active": true,
            "phone": "902346344",
            "email": "polakignaneswararo@gmail.com",
            "jntuno": "22341A4544",
            "date_joined": "2025-01-21",
            "image": "profile_pictures/Gnaneswararao_image_vO6AHLO.png",
            "branch": "ECE",
            "college": "GMRIT",
            "groups": [],
            "user_permissions": []
        }
    },
    {
        "model": "core.user",
        "pk": 6,
        "fields": {
            "password": "pbkdf2_sha256$720000$iVkNyypAKrILXpyeifGich$KH+qh2x7VLQYen+64Hsrp+20Ior68JZjg/Bd5t7BOvc=",
            "last_login": "2025-01-21T16:04:35.020Z",
            "is_superuser": false,
            "username": "Manoj122",
            "first_name": "GNANESWARARAO",
            "last_name": "POLAKI",
            "is_staff": false,
            "is_active": true,
            "phone": "09003290",
            "email": "polakignanesa0@gmail.com",
            "jntuno": "wq",
            "date_joined": "2025-01-21",
            "image": "profile_pictures/Manoj122_image.png",
            "branch": "CSE",
            "college": "GMRIT",
            "groups": [],
            "user_permissions": []
        }
    },
    {
        "model": "core.user",
        "pk": 7,
        "fields": {
            "password": "pbkdf2_sha256$720000$xbemqFIccXOsfwa8b5aTcs$1vyDuQu0TdjZlUrU2ni8iKBAdZ9aDAXfNzFAUqub27k=",
            "last_login": "2025-01-21T09:30:23.140Z",
            "is_superuser": false,
            "username": "Gnaneswararao1",
            "first_name": "GNANESWARARAO",
            "last_name": "POLAKI",
            "is_staff": false,
            "is_active": true,
            "phone": "9063003290",
            "email": "polakignaneao0@gmail.com",
            "jntuno": "2345678",
            "date_joined": "2025-01-21",
            "image": "profile_pictures/Gnaneswararao1_image_4PTRK3z.png",
            "branch": "CSE",
            "college": "GMRIT",
            "groups": [],
            "user_permissions": []
        }
    },
    {
        "model": "core.contests",
        "pk": 1,
        "fields": {
            "title": "code_title_1",
            "description": "it is desdsccription .....",
            "start_date": "2025-01-15T10:00:00Z",
            "end_date": "2025-02-01T14:39:00Z",
            "is_active": true,
            "contest_type": 1,
            "venue": "codeing lab",
            "poster": "contest_posters/background2.jpg",
            "winner": null,
            "runner": null
        }
    },
    {
        "model": "core.contests",
        "pk": 2,
        "fields": {
            "title": "code_title_2",
            "description": "it is idescreption .....",
            "start_date": "2025-01-21T10:00:00Z",
            "end_date": "2025-02-26T14:39:00Z",
            "is_active": true,
            "contest_type": 1,
            "venue": "codeing lab",
            "poster": "contest_posters/Screenshot_2024-03-06_172708_kq9qWjr.png",
            "winner": null,
            "runner": null
        }
    },
    {
        "model": "core.contests",
        "pk": 3,
        "fields": {
            "title": "code_title_3",
            "description": "it is idescreption .....",
            "start_date": "2024-12-18T15:39:00Z",
            "end_date": "2024-12-26T14:39:00Z",
            "is_active": true,
            "contest_type": 1,
            "venue": "codeing lab",
            "poster": "contest_posters/Screenshot_2024-08-16_182323.png",
            "winner": null,
            "runner": null
        }
    },
    {
        "model": "core.contests",
        "pk": 4,
        "fields": {
            "title": "code_title_4",
            "description": "it is idescreption .....",
            "start_date": "2024-12-18T15:39:00Z",
            "end_date": "2025-02-26T14:39:00Z",
            "is_active": true,
            "contest_type": 1,
            "venue": "codeing lab",
            "poster": "contest_posters/Screenshot_2024-03-06_123102.png",
            "winner": null,
            "runner": null
        }
    },
    {
        "model": "codelife.questions",
        "pk": 1,
        "fields": {
            "contest": 1,
            "title": "Question_1",
            "description": "it is simple addition",
            "timelimit": 10,
            "score": 10,
            "lives": 5
        }
    },
    {
        "model": "codelife.questions",
        "pk": 2,
        "fields": {
            "contest": 1,
            "title": "Q_222",
            "description": "PS C:\\Users\\CSEGPUs-01\\Projects\\CodeHub> python manage.py runserver  \r\nWatching for file changes with StatReloader\r\nPerforming system checks...\r\n\r\nSystem check identified no issues (0 silenced).\r\nException in thread django-main-thread:\r\nTraceback (most recent call last):\r\n  File \"C:\\Users\\CSEGPUs-01\\AppData\\Local\\Programs\\Python\\Python312\\Lib\\site-packages\\django\\core\\servers\\basehttp.py\", line 48, in get_internal_wsgi_application\r\n    return import_string(app_path)\r\n           ^^^^^^^^^^^^^^^^^^^^^^^\r\n  File \"C:\\Users\\CSEGPUs-01\\AppData\\Local\\Programs\\Python\\Python312\\Lib\\site-packages\\django\\utils\\module_loading.py\", line 30, in import_string\r\n    return cached_import(module_path, class_name)\r\n           ^^^^^^^^^^^^^^^^^^^^^^^^^^^^^^^^^^^^^^\r\n  File \"C:\\Users\\CSEGPUs-01\\AppData\\Local\\Programs\\Python\\Python312\\Lib\\site-packages\\django\\utils\\module_loading.py\", line 15, in cached_import\r\n    module = import_module(module_path)\r\n             ^^^^^^^^^^^^^^^^^^^^^^^^^^\r\n  File \"C:\\Users\\CSEGPUs-01\\AppData\\Local\\Programs\\Python\\Python312\\Lib\\importlib\\__init__.py\", line 90, in import_module\r\n    return _bootstrap._gcd_import(name[level:], package, level)\r\n           ^^^^^^^^^^^^^^^^^^^^^^^^^^^^^^^^^^^^^^^^^^^^^^^^^^^^\r\n  File \"<frozen importlib._bootstrap>\", line 1387, in _gcd_import\r\n  File \"<frozen importlib._bootstrap>\", line 1360, in _find_and_load\r\n  File \"<frozen importlib._bootstrap>\", line 1331, in _find_and_load_unlocked\r\n  File \"<frozen importlib._bootstrap>\", line 935, in _load_unlocked\r\n  File \"<frozen importlib._bootstrap_external>\", line 999, in exec_module\r\n  File \"<frozen importlib._bootstrap>\", line 488, in _call_with_frames_removed\r\n  File \"C:\\Users\\CSEGPUs-01\\Projects\\CodeHub\\CodeHub\\wsgi.py\", line 16, in <module>\r\n    application = get_wsgi_application()\r\n                  ^^^^^^^^^^^^^^^^^^^^^^\r\n  File \"C:\\Users\\CSEGPUs-01\\AppData\\Local\\Programs\\Python\\Python312\\Lib\\site-packages\\django\\core\\wsgi.py\", line 13, in get_wsgi_application\r\n    return WSGIHandler()\r\n           ^^^^^^^^^^^^^\r\n  File \"C:\\Users\\CSEGPUs-01\\AppData\\Local\\Programs\\Python\\Python312\\Lib\\site-packages\\django\\core\\handlers\\wsgi.py\", line 118, in __init__\r\n    self.load_middleware()\r\n  File \"C:\\Users\\CSEGPUs-01\\AppData\\Local\\Programs\\Python\\Python312\\Lib\\site-packages\\django\\core\\handlers\\base.py\", line 40, in load_middleware\r\n    middleware = import_string(middleware_path)\r\n                 ^^^^^^^^^^^^^^^^^^^^^^^^^^^^^^\r\n  File \"C:\\Users\\CSEGPUs-01\\AppData\\Local\\Programs\\Python\\Python312\\Lib\\site-packages\\django\\utils\\module_loading.py\", line 30, in import_string\r\n    return cached_import(module_path, class_name)\r\n           ^^^^^^^^^^^^^^^^^^^^^^^^^^^^^^^^^^^^^^\r\n  File \"C:\\Users\\CSEGPUs-01\\AppData\\Local\\Programs\\Python\\Python312\\Lib\\site-packages\\django\\utils\\module_loading.py\", line 15, in cached_import\r\n    module = import_module(module_path)\r\n             ^^^^^^^^^^^^^^^^^^^^^^^^^^\r\n  File \"C:\\Users\\CSEGPUs-01\\AppData\\Local\\Programs\\Python\\Python312\\Lib\\importlib\\__init__.py\", line 90, in import_module\r\n    return _bootstrap._gcd_import(name[level:], package, level)\r\n           ^^^^^^^^^^^^^^^^^^^^^^^^^^^^^^^^^^^^^^^^^^^^^^^^^^^^\r\n  File \"<frozen importlib._bootstrap>\", line 1387, in _gcd_import\r\n  File \"<frozen importlib._bootstrap>\", line 1360, in _find_and_load\r\n  File \"<frozen importlib._bootstrap>\", line 1310, in _find_and_load_unlocked\r\n  File \"<frozen importlib._bootstrap>\", line 488, in _call_with_frames_removed\r\n  File \"<frozen importlib._bootstrap>\", line 1387, in _gcd_import\r\n  File \"<frozen importlib._bootstrap>\", line 1360, in _find_and_load\r\n  File \"<frozen importlib._bootstrap>\", line 1324, in _find_and_load_unlocked\r\nModuleNotFoundError: No module named 'whitenoise'\r\n\r\nThe above exception was the direct cause of the following exception:\r\n\r\nTraceback (most recent call last):\r\n  File \"C:\\Users\\CSEGPUs-01\\AppData\\Local\\Programs\\Python\\Python312\\Lib\\threading.py\", line 1075, in _bootstrap_inner\r\n    self.run()\r\n  File \"C:\\Users\\CSEGPUs-01\\AppData\\Local\\Programs\\Python\\Python312\\Lib\\threading.py\", line 1012, in run\r\n    self._target(*self._args, **self._kwargs)\r\n  File \"C:\\Users\\CSEGPUs-01\\AppData\\Local\\Programs\\Python\\Python312\\Lib\\site-packages\\django\\utils\\autoreload.py\", line 64, in wrapper\r\n    fn(*args, **kwargs)\r\n  File \"C:\\Users\\CSEGPUs-01\\AppData\\Local\\Programs\\Python\\Python312\\Lib\\site-packages\\django\\core\\management\\commands\\runserver.py\", line 143, in inner_run\r\n    handler = self.get_handler(*args, **options)\r\n              ^^^^^^^^^^^^^^^^^^^^^^^^^^^^^^^^^^\r\n  File \"C:\\Users\\CSEGPUs-01\\AppData\\Local\\Programs\\Python\\Python312\\Lib\\site-packages\\django\\contrib\\staticfiles\\management\\commands\\runserver.py\", line 31, in get_handler\r\n    handler = super().get_handler(*args, **options)\r\n              ^^^^^^^^^^^^^^^^^^^^^^^^^^^^^^^^^^^^^\r\n  File \"C:\\Users\\CSEGPUs-01\\AppData\\Local\\Programs\\Python\\Python312\\Lib\\site-packages\\django\\core\\management\\commands\\runserver.py\", line 79, in get_handler\r\n    return get_internal_wsgi_application()\r\n           ^^^^^^^^^^^^^^^^^^^^^^^^^^^^^^^\r\n  File \"C:\\Users\\CSEGPUs-01\\AppData\\Local\\Programs\\Python\\Python312\\Lib\\site-packages\\django\\core\\servers\\basehttp.py\", line 50, in get_internal_wsgi_application\r\n    raise ImproperlyConfigured(\r\ndjango.core.exceptions.ImproperlyConfigured: WSGI application 'CodeHub.wsgi.application' could not be loaded; Error importing module.",
            "timelimit": 12,
            "score": 100,
            "lives": 5
        }
    },
    {
        "model": "codelife.questions",
        "pk": 3,
        "fields": {
            "contest": 1,
            "title": "Q_245",
            "description": "PS C:\\Users\\CSEGPUs-01\\Projects\\CodeHub> python manage.py runserver  \r\nWatching for file changes with StatReloader\r\nPerforming system checks...\r\n\r\nSystem check identified no issues (0 silenced).\r\nException in thread django-main-thread:\r\nTraceback (most recent call last):\r\n  File \"C:\\Users\\CSEGPUs-01\\AppData\\Local\\Programs\\Python\\Python312\\Lib\\site-packages\\django\\core\\servers\\basehttp.py\", line 48, in get_internal_wsgi_application\r\n    return import_string(app_path)\r\n           ^^^^^^^^^^^^^^^^^^^^^^^\r\n  File \"C:\\Users\\CSEGPUs-01\\AppData\\Local\\Programs\\Python\\Python312\\Lib\\site-packages\\django\\utils\\module_loading.py\", line 30, in import_string\r\n    return cached_import(module_path, class_name)\r\n           ^^^^^^^^^^^^^^^^^^^^^^^^^^^^^^^^^^^^^^\r\n  File \"C:\\Users\\CSEGPUs-01\\AppData\\Local\\Programs\\Python\\Python312\\Lib\\site-packages\\django\\utils\\module_loading.py\", line 15, in cached_import\r\n    module = import_module(module_path)\r\n             ^^^^^^^^^^^^^^^^^^^^^^^^^^\r\n  File \"C:\\Users\\CSEGPUs-01\\AppData\\Local\\Programs\\Python\\Python312\\Lib\\importlib\\__init__.py\", line 90, in import_module\r\n    return _bootstrap._gcd_import(name[level:], package, level)\r\n           ^^^^^^^^^^^^^^^^^^^^^^^^^^^^^^^^^^^^^^^^^^^^^^^^^^^^\r\n  File \"<frozen importlib._bootstrap>\", line 1387, in _gcd_import\r\n  File \"<frozen importlib._bootstrap>\", line 1360, in _find_and_load\r\n  File \"<frozen importlib._bootstrap>\", line 1331, in _find_and_load_unlocked\r\n  File \"<frozen importlib._bootstrap>\", line 935, in _load_unlocked\r\n  File \"<frozen importlib._bootstrap_external>\", line 999, in exec_module\r\n  File \"<frozen importlib._bootstrap>\", line 488, in _call_with_frames_removed\r\n  File \"C:\\Users\\CSEGPUs-01\\Projects\\CodeHub\\CodeHub\\wsgi.py\", line 16, in <module>\r\n    application = get_wsgi_application()\r\n                  ^^^^^^^^^^^^^^^^^^^^^^\r\n  File \"C:\\Users\\CSEGPUs-01\\AppData\\Local\\Programs\\Python\\Python312\\Lib\\site-packages\\django\\core\\wsgi.py\", line 13, in get_wsgi_application\r\n    return WSGIHandler()\r\n           ^^^^^^^^^^^^^\r\n  File \"C:\\Users\\CSEGPUs-01\\AppData\\Local\\Programs\\Python\\Python312\\Lib\\site-packages\\django\\core\\handlers\\wsgi.py\", line 118, in __init__\r\n    self.load_middleware()\r\n  File \"C:\\Users\\CSEGPUs-01\\AppData\\Local\\Programs\\Python\\Python312\\Lib\\site-packages\\django\\core\\handlers\\base.py\", line 40, in load_middleware\r\n    middleware = import_string(middleware_path)\r\n                 ^^^^^^^^^^^^^^^^^^^^^^^^^^^^^^\r\n  File \"C:\\Users\\CSEGPUs-01\\AppData\\Local\\Programs\\Python\\Python312\\Lib\\site-packages\\django\\utils\\module_loading.py\", line 30, in import_string\r\n    return cached_import(module_path, class_name)\r\n           ^^^^^^^^^^^^^^^^^^^^^^^^^^^^^^^^^^^^^^\r\n  File \"C:\\Users\\CSEGPUs-01\\AppData\\Local\\Programs\\Python\\Python312\\Lib\\site-packages\\django\\utils\\module_loading.py\", line 15, in cached_import\r\n    module = import_module(module_path)\r\n             ^^^^^^^^^^^^^^^^^^^^^^^^^^\r\n  File \"C:\\Users\\CSEGPUs-01\\AppData\\Local\\Programs\\Python\\Python312\\Lib\\importlib\\__init__.py\", line 90, in import_module\r\n    return _bootstrap._gcd_import(name[level:], package, level)\r\n           ^^^^^^^^^^^^^^^^^^^^^^^^^^^^^^^^^^^^^^^^^^^^^^^^^^^^\r\n  File \"<frozen importlib._bootstrap>\", line 1387, in _gcd_import\r\n  File \"<frozen importlib._bootstrap>\", line 1360, in _find_and_load\r\n  File \"<frozen importlib._bootstrap>\", line 1310, in _find_and_load_unlocked\r\n  File \"<frozen importlib._bootstrap>\", line 488, in _call_with_frames_removed\r\n  File \"<frozen importlib._bootstrap>\", line 1387, in _gcd_import\r\n  File \"<frozen importlib._bootstrap>\", line 1360, in _find_and_load\r\n  File \"<frozen importlib._bootstrap>\", line 1324, in _find_and_load_unlocked\r\nModuleNotFoundError: No module named 'whitenoise'\r\n\r\nThe above exception was the direct cause of the following exception:\r\n\r\nTraceback (most recent call last):\r\n  File \"C:\\Users\\CSEGPUs-01\\AppData\\Local\\Programs\\Python\\Python312\\Lib\\threading.py\", line 1075, in _bootstrap_inner\r\n    self.run()\r\n  File \"C:\\Users\\CSEGPUs-01\\AppData\\Local\\Programs\\Python\\Python312\\Lib\\threading.py\", line 1012, in run\r\n    self._target(*self._args, **self._kwargs)\r\n  File \"C:\\Users\\CSEGPUs-01\\AppData\\Local\\Programs\\Python\\Python312\\Lib\\site-packages\\django\\utils\\autoreload.py\", line 64, in wrapper\r\n    fn(*args, **kwargs)\r\n  File \"C:\\Users\\CSEGPUs-01\\AppData\\Local\\Programs\\Python\\Python312\\Lib\\site-packages\\django\\core\\management\\commands\\runserver.py\", line 143, in inner_run\r\n    handler = self.get_handler(*args, **options)\r\n              ^^^^^^^^^^^^^^^^^^^^^^^^^^^^^^^^^^\r\n  File \"C:\\Users\\CSEGPUs-01\\AppData\\Local\\Programs\\Python\\Python312\\Lib\\site-packages\\django\\contrib\\staticfiles\\management\\commands\\runserver.py\", line 31, in get_handler\r\n    handler = super().get_handler(*args, **options)\r\n              ^^^^^^^^^^^^^^^^^^^^^^^^^^^^^^^^^^^^^\r\n  File \"C:\\Users\\CSEGPUs-01\\AppData\\Local\\Programs\\Python\\Python312\\Lib\\site-packages\\django\\core\\management\\commands\\runserver.py\", line 79, in get_handler\r\n    return get_internal_wsgi_application()\r\n           ^^^^^^^^^^^^^^^^^^^^^^^^^^^^^^^\r\n  File \"C:\\Users\\CSEGPUs-01\\AppData\\Local\\Programs\\Python\\Python312\\Lib\\site-packages\\django\\core\\servers\\basehttp.py\", line 50, in get_internal_wsgi_application\r\n    raise ImproperlyConfigured(\r\ndjango.core.exceptions.ImproperlyConfigured: WSGI application 'CodeHub.wsgi.application' could not be loaded; Error importing module.",
            "timelimit": 12,
            "score": 100,
            "lives": 5
        }
    },
    {
        "model": "codelife.questions",
        "pk": 4,
        "fields": {
            "contest": 1,
            "title": "Q_22eewe",
            "description": "dfgd",
            "timelimit": 12,
            "score": 100,
            "lives": 5
        }
    },
    {
        "model": "codelife.questions",
        "pk": 5,
        "fields": {
            "contest": 1,
            "title": "Q_22eeef",
            "description": "fvrtsegvb",
            "timelimit": 12,
            "score": 100,
            "lives": 5
        }
    },
    {
        "model": "codelife.questions",
        "pk": 6,
        "fields": {
            "contest": 4,
            "title": "Add two numbers",
            "description": "input of given two numbers  a andd b \r\nreturn a+b",
            "timelimit": 100,
            "score": 100,
            "lives": 5
        }
    },
    {
        "model": "codelife.questions",
        "pk": 7,
        "fields": {
            "contest": 4,
            "title": "Substract",
            "description": "you are given by two numbers subbstract 2nd number from 1st one .",
            "timelimit": 100,
            "score": 100,
            "lives": 5
        }
    },
    {
        "model": "codelife.testcases",
        "pk": 1,
        "fields": {
            "question": 2,
            "input_data": "11",
            "expected_output": "11",
            "hidden": false
        }
    },
    {
        "model": "codelife.testcases",
        "pk": 2,
        "fields": {
            "question": 2,
            "input_data": "2",
            "expected_output": "2",
            "hidden": false
        }
    },
    {
        "model": "codelife.testcases",
        "pk": 3,
        "fields": {
            "question": 3,
            "input_data": "11",
            "expected_output": "11",
            "hidden": true
        }
    },
    {
        "model": "codelife.testcases",
        "pk": 4,
        "fields": {
            "question": 3,
            "input_data": "2",
            "expected_output": "2",
            "hidden": false
        }
    },
    {
        "model": "codelife.testcases",
        "pk": 5,
        "fields": {
            "question": 4,
            "input_data": "1",
            "expected_output": "1",
            "hidden": true
        }
    },
    {
        "model": "codelife.testcases",
        "pk": 6,
        "fields": {
            "question": 5,
            "input_data": "dsr",
            "expected_output": "dfgb",
            "hidden": false
        }
    },
    {
        "model": "codelife.testcases",
        "pk": 8,
        "fields": {
            "question": 1,
            "input_data": "11",
            "expected_output": "11",
            "hidden": false
        }
    },
    {
        "model": "codelife.testcases",
        "pk": 9,
        "fields": {
            "question": 5,
            "input_data": "22",
            "expected_output": "22",
            "hidden": true
        }
    },
    {
        "model": "codelife.testcases",
        "pk": 10,
        "fields": {
            "question": 1,
            "input_data": "1",
            "expected_output": "1",
            "hidden": true
        }
    },
    {
        "model": "codelife.testcases",
        "pk": 14,
        "fields": {
            "question": 3,
            "input_data": "s",
            "expected_output": "s",
            "hidden": true
        }
    },
    {
        "model": "codelife.testcases",
        "pk": 17,
        "fields": {
            "question": 4,
            "input_data": "11",
            "expected_output": "11",
            "hidden": true
        }
    },
    {
        "model": "codelife.testcases",
        "pk": 18,
        "fields": {
            "question": 4,
            "input_data": "11",
            "expected_output": "11",
            "hidden": false
        }
    },
    {
        "model": "codelife.testcases",
        "pk": 19,
        "fields": {
            "question": 6,
            "input_data": "10\r\n1",
            "expected_output": "11",
            "hidden": true
        }
    },
    {
        "model": "codelife.testcases",
        "pk": 20,
        "fields": {
            "question": 6,
            "input_data": "100\r\n1",
            "expected_output": "101",
            "hidden": true
        }
    },
    {
        "model": "codelife.testcases",
        "pk": 21,
        "fields": {
            "question": 6,
            "input_data": "19\r\n1",
            "expected_output": "20",
            "hidden": true
        }
    },
    {
        "model": "codelife.participant",
        "pk": 1,
        "fields": {
            "user": 5,
            "contest": 1,
            "score": 100.0,
            "lives": 5,
            "joined_at": "2024-12-21T15:07:47.632Z",
            "session_id": null,
            "last_activity": "2025-01-10T17:21:20.393Z"
        }
    },
    {
        "model": "codelife.participant",
        "pk": 2,
        "fields": {
            "user": 4,
            "contest": 1,
            "score": 10.0,
            "lives": 5,
            "joined_at": "2024-12-21T16:49:07.818Z",
            "session_id": null,
            "last_activity": "2025-01-20T09:58:57.819Z"
        }
    },
    {
        "model": "codelife.participant",
        "pk": 3,
        "fields": {
            "user": 3,
            "contest": 1,
            "score": 0.0,
            "lives": 5,
            "joined_at": "2024-12-22T09:42:37.691Z",
            "session_id": null,
            "last_activity": "2024-12-22T09:42:37.691Z"
        }
    },
    {
        "model": "codelife.participant",
        "pk": 4,
        "fields": {
            "user": 6,
            "contest": 1,
            "score": 0.0,
            "lives": 5,
            "joined_at": "2025-01-21T16:15:19.591Z",
            "session_id": null,
            "last_activity": "2025-01-21T16:15:19.591Z"
        }
    },
    {
        "model": "codelife.participant",
        "pk": 5,
        "fields": {
            "user": 5,
            "contest": 2,
            "score": 0.0,
            "lives": 5,
            "joined_at": "2025-01-21T16:41:43.605Z",
            "session_id": null,
            "last_activity": "2025-01-21T16:41:43.605Z"
        }
    },
    {
        "model": "codelife.participant",
        "pk": 6,
        "fields": {
            "user": 5,
            "contest": 4,
            "score": 200.0,
            "lives": 5,
            "joined_at": "2025-01-22T08:39:08.152Z",
            "session_id": null,
            "last_activity": "2025-01-22T08:56:29.646Z"
        }
    },
    {
        "model": "codelife.submission",
        "pk": 1,
        "fields": {
            "participant": 1,
            "question": 1,
            "language": 1,
            "code": "",
            "output": 3,
            "created_at": "2025-01-07T17:13:41.722Z",
            "score": 0.0,
            "time": null,
            "memory": null,
            "json_data": {
                "success": false
            }
        }
    },
    {
        "model": "codelife.submission",
        "pk": 2,
        "fields": {
            "participant": 1,
            "question": 1,
            "language": 1,
            "code": "",
            "output": 3,
            "created_at": "2025-01-07T17:30:52.282Z",
            "score": 0.0,
            "time": null,
            "memory": null,
            "json_data": {
                "sample_testcase": [
                    {
                        "success": false,
                        "error": "wrong_answer",
                        "input": "11",
                        "expected_output": "11",
                        "actual_output": null
                    }
                ],
                "hidden_testcase": [
                    {
                        "success": false,
                        "error": "wrong_answer"
                    }
                ]
            }
        }
    },
    {
        "model": "codelife.submission",
        "pk": 3,
        "fields": {
            "participant": 1,
            "question": 1,
            "language": 1,
            "code": "",
            "output": 3,
            "created_at": "2025-01-07T17:32:01.375Z",
            "score": 0.0,
            "time": null,
            "memory": null,
            "json_data": {
                "sample_testcase": [
                    {
                        "success": false,
                        "error": "wrong_answer",
                        "input": "11",
                        "expected_output": "11",
                        "actual_output": null
                    }
                ],
                "hidden_testcase": [
                    {
                        "success": false,
                        "error": "wrong_answer"
                    }
                ]
            }
        }
    },
    {
        "model": "codelife.submission",
        "pk": 4,
        "fields": {
            "participant": 1,
            "question": 3,
            "language": 1,
            "code": "print(input())",
            "output": 0,
            "created_at": "2025-01-07T17:39:39.722Z",
            "score": 100.0,
            "time": null,
            "memory": null,
            "json_data": {
                "sample_testcase": [],
                "hidden_testcase": [
                    {
                        "success": true,
                        "error": null
                    },
                    {
                        "success": true,
                        "error": null
                    }
                ]
            }
        }
    },
    {
        "model": "codelife.submission",
        "pk": 5,
        "fields": {
            "participant": 1,
            "question": 4,
            "language": 1,
            "code": "print(input())",
            "output": 0,
            "created_at": "2025-01-07T17:39:59.387Z",
            "score": 100.0,
            "time": null,
            "memory": null,
            "json_data": {
                "sample_testcase": [],
                "hidden_testcase": [
                    {
                        "success": true,
                        "error": null
                    }
                ]
            }
        }
    },
    {
        "model": "codelife.submission",
        "pk": 6,
        "fields": {
            "participant": 1,
            "question": 5,
            "language": 1,
            "code": "print(input())",
            "output": 3,
            "created_at": "2025-01-07T17:40:17.870Z",
            "score": 606.5,
            "time": null,
            "memory": null,
            "json_data": {
                "sample_testcase": [
                    {
                        "success": false,
                        "error": "wrong_answer",
                        "input": "dsr",
                        "expected_output": "dfgb",
                        "actual_output": "dsr"
                    }
                ],
                "hidden_testcase": [
                    {
                        "success": true,
                        "error": null
                    }
                ]
            }
        }
    },
    {
        "model": "codelife.submission",
        "pk": 7,
        "fields": {
            "participant": 1,
            "question": 4,
            "language": 1,
            "code": "print(input())",
            "output": 0,
            "created_at": "2025-01-07T17:40:57.221Z",
            "score": 100.0,
            "time": null,
            "memory": null,
            "json_data": {
                "sample_testcase": [],
                "hidden_testcase": [
                    {
                        "success": true,
                        "error": null
                    }
                ]
            }
        }
    },
    {
        "model": "codelife.submission",
        "pk": 8,
        "fields": {
            "participant": 1,
            "question": 3,
            "language": 1,
            "code": "print(input())",
            "output": 0,
            "created_at": "2025-01-07T17:46:14.929Z",
            "score": 100.0,
            "time": null,
            "memory": null,
            "json_data": {
                "sample_testcase": [
                    {
                        "success": true,
                        "error": null,
                        "input": "2",
                        "expected_output": "2",
                        "actual_output": "2"
                    }
                ],
                "hidden_testcase": [
                    {
                        "success": true,
                        "error": null
                    }
                ]
            }
        }
    },
    {
        "model": "codelife.submission",
        "pk": 9,
        "fields": {
            "participant": 1,
            "question": 2,
            "language": 1,
            "code": "print(input())",
            "output": 0,
            "created_at": "2025-01-07T17:47:09.505Z",
            "score": 100.0,
            "time": null,
            "memory": null,
            "json_data": {
                "sample_testcase": [
                    {
                        "success": true,
                        "error": null,
                        "input": "11",
                        "expected_output": "11",
                        "actual_output": "11"
                    },
                    {
                        "success": true,
                        "error": null,
                        "input": "2",
                        "expected_output": "2",
                        "actual_output": "2"
                    }
                ],
                "hidden_testcase": [
                    {
                        "success": true,
                        "error": null
                    }
                ]
            }
        }
    },
    {
        "model": "codelife.submission",
        "pk": 10,
        "fields": {
            "participant": 1,
            "question": 3,
            "language": 1,
            "code": "print(input())",
            "output": 1,
            "created_at": "2025-01-07T17:56:11.566Z",
            "score": 100.0,
            "time": null,
            "memory": null,
            "json_data": {
                "sample_testcase": [
                    {
                        "success": true,
                        "error": null,
                        "input": "2",
                        "expected_output": "2",
                        "actual_output": "2"
                    }
                ],
                "hidden_testcase": [
                    {
                        "success": true,
                        "error": null
                    }
                ]
            }
        }
    },
    {
        "model": "codelife.submission",
        "pk": 11,
        "fields": {
            "participant": 1,
            "question": 3,
            "language": 1,
            "code": "print(input())",
            "output": 1,
            "created_at": "2025-01-07T17:56:53.132Z",
            "score": 100.0,
            "time": null,
            "memory": null,
            "json_data": {
                "sample_testcase": [
                    {
                        "success": true,
                        "error": null,
                        "input": "2",
                        "expected_output": "2",
                        "actual_output": "2"
                    }
                ],
                "hidden_testcase": [
                    {
                        "success": true,
                        "error": null
                    }
                ]
            }
        }
    },
    {
        "model": "codelife.submission",
        "pk": 12,
        "fields": {
            "participant": 1,
            "question": 3,
            "language": 1,
            "code": "print(input())",
            "output": 1,
            "created_at": "2025-01-07T17:57:39.590Z",
            "score": 100.0,
            "time": null,
            "memory": null,
            "json_data": {
                "sample_testcase": [
                    {
                        "success": true,
                        "error": null,
                        "input": "2",
                        "expected_output": "2",
                        "actual_output": "2"
                    }
                ],
                "hidden_testcase": [
                    {
                        "success": true,
                        "error": null
                    }
                ]
            }
        }
    },
    {
        "model": "codelife.submission",
        "pk": 13,
        "fields": {
            "participant": 1,
            "question": 2,
            "language": 1,
            "code": "",
            "output": 4,
            "created_at": "2025-01-07T18:05:05.270Z",
            "score": 0.0,
            "time": null,
            "memory": null,
            "json_data": {
                "sample_testcase": [
                    {
                        "success": false,
                        "error": "wrong_answer",
                        "input": "11",
                        "expected_output": "11",
                        "actual_output": null
                    },
                    {
                        "success": false,
                        "error": "wrong_answer",
                        "input": "2",
                        "expected_output": "2",
                        "actual_output": null
                    }
                ],
                "hidden_testcase": [
                    {
                        "success": false,
                        "error": "wrong_answer"
                    }
                ]
            }
        }
    },
    {
        "model": "codelife.submission",
        "pk": 14,
        "fields": {
            "participant": 1,
            "question": 3,
            "language": 1,
            "code": "",
            "output": 4,
            "created_at": "2025-01-07T18:05:37.784Z",
            "score": 0.0,
            "time": null,
            "memory": null,
            "json_data": {
                "sample_testcase": [
                    {
                        "success": false,
                        "error": "wrong_answer",
                        "input": "2",
                        "expected_output": "2",
                        "actual_output": null
                    }
                ],
                "hidden_testcase": [
                    {
                        "success": false,
                        "error": "wrong_answer"
                    }
                ]
            }
        }
    },
    {
        "model": "codelife.submission",
        "pk": 15,
        "fields": {
            "participant": 1,
            "question": 3,
            "language": 1,
            "code": "",
            "output": 4,
            "created_at": "2025-01-07T18:06:44.919Z",
            "score": 0.0,
            "time": null,
            "memory": null,
            "json_data": {
                "sample_testcase": [
                    {
                        "success": false,
                        "error": "wrong_answer",
                        "input": "2",
                        "expected_output": "2",
                        "actual_output": null
                    }
                ],
                "hidden_testcase": [
                    {
                        "success": false,
                        "error": "wrong_answer"
                    }
                ]
            }
        }
    },
    {
        "model": "codelife.submission",
        "pk": 16,
        "fields": {
            "participant": 1,
            "question": 3,
            "language": 1,
            "code": "",
            "output": 4,
            "created_at": "2025-01-07T18:07:08.933Z",
            "score": 0.0,
            "time": null,
            "memory": null,
            "json_data": {
                "sample_testcase": [
                    {
                        "success": false,
                        "error": "wrong_answer",
                        "input": "2",
                        "expected_output": "2",
                        "actual_output": null
                    }
                ],
                "hidden_testcase": [
                    {
                        "success": false,
                        "error": "wrong_answer"
                    }
                ]
            }
        }
    },
    {
        "model": "codelife.submission",
        "pk": 17,
        "fields": {
            "participant": 1,
            "question": 1,
            "language": 1,
            "code": "",
            "output": 4,
            "created_at": "2025-01-07T18:10:07.520Z",
            "score": 0.0,
            "time": null,
            "memory": null,
            "json_data": {
                "sample_testcase": [
                    {
                        "success": false,
                        "error": "wrong_answer",
                        "input": "11",
                        "expected_output": "11",
                        "actual_output": null
                    }
                ],
                "hidden_testcase": [
                    {
                        "success": false,
                        "error": "wrong_answer"
                    }
                ]
            }
        }
    },
    {
        "model": "codelife.submission",
        "pk": 18,
        "fields": {
            "participant": 1,
            "question": 3,
            "language": 1,
            "code": "print(input())",
            "output": 1,
            "created_at": "2025-01-07T18:10:46.011Z",
            "score": 100.0,
            "time": null,
            "memory": null,
            "json_data": {
                "sample_testcase": [
                    {
                        "success": true,
                        "error": null,
                        "input": "2",
                        "expected_output": "2",
                        "actual_output": "2"
                    }
                ],
                "hidden_testcase": [
                    {
                        "success": true,
                        "error": null
                    }
                ]
            }
        }
    },
    {
        "model": "codelife.submission",
        "pk": 19,
        "fields": {
            "participant": 1,
            "question": 2,
            "language": 1,
            "code": "print(input())",
            "output": 1,
            "created_at": "2025-01-07T18:11:26.991Z",
            "score": 100.0,
            "time": null,
            "memory": null,
            "json_data": {
                "sample_testcase": [
                    {
                        "success": true,
                        "error": null,
                        "input": "11",
                        "expected_output": "11",
                        "actual_output": "11"
                    },
                    {
                        "success": true,
                        "error": null,
                        "input": "2",
                        "expected_output": "2",
                        "actual_output": "2"
                    }
                ],
                "hidden_testcase": [
                    {
                        "success": true,
                        "error": null
                    }
                ]
            }
        }
    },
    {
        "model": "codelife.submission",
        "pk": 20,
        "fields": {
            "participant": 1,
            "question": 2,
            "language": 1,
            "code": "print(input())",
            "output": 1,
            "created_at": "2025-01-07T18:12:06.141Z",
            "score": 100.0,
            "time": null,
            "memory": null,
            "json_data": {
                "sample_testcase": [
                    {
                        "success": true,
                        "error": null,
                        "input": "11",
                        "expected_output": "11",
                        "actual_output": "11"
                    },
                    {
                        "success": true,
                        "error": null,
                        "input": "2",
                        "expected_output": "2",
                        "actual_output": "2"
                    }
                ],
                "hidden_testcase": [
                    {
                        "success": true,
                        "error": null
                    }
                ]
            }
        }
    },
    {
        "model": "codelife.submission",
        "pk": 21,
        "fields": {
            "participant": 1,
            "question": 2,
            "language": 1,
            "code": "print(input())",
            "output": 1,
            "created_at": "2025-01-07T18:20:27.919Z",
            "score": 100.0,
            "time": null,
            "memory": null,
            "json_data": {
                "sample_testcase": [
                    {
                        "success": true,
                        "error": null,
                        "input": "11",
                        "expected_output": "11",
                        "actual_output": "11"
                    },
                    {
                        "success": true,
                        "error": null,
                        "input": "2",
                        "expected_output": "2",
                        "actual_output": "2"
                    }
                ],
                "hidden_testcase": [
                    {
                        "success": true,
                        "error": null
                    }
                ]
            }
        }
    },
    {
        "model": "codelife.submission",
        "pk": 22,
        "fields": {
            "participant": 1,
            "question": 1,
            "language": 1,
            "code": "print(int(input())",
            "output": 2,
            "created_at": "2025-01-09T13:47:20.995Z",
            "score": 0.0,
            "time": null,
            "memory": null,
            "json_data": {
                "sample_testcase": [
                    {
                        "success": false,
                        "error": "runtime_error",
                        "error_message": "  File \"C:\\Users\\polak\\AppData\\Local\\Temp\\tmpm4uumtbl\\example.py\", line 1\r\n    print(int(input())\r\n         ^\r\nSyntaxError: '(' was never closed\r\n"
                    }
                ],
                "hidden_testcase": [
                    {
                        "success": false,
                        "error": "runtime_error"
                    }
                ]
            }
        }
    },
    {
        "model": "codelife.submission",
        "pk": 23,
        "fields": {
            "participant": 1,
            "question": 1,
            "language": 1,
            "code": "print(input())",
            "output": 1,
            "created_at": "2025-01-09T13:47:46.527Z",
            "score": 10.0,
            "time": null,
            "memory": null,
            "json_data": {
                "sample_testcase": [
                    {
                        "success": true,
                        "error": null,
                        "input": "11",
                        "expected_output": "11",
                        "actual_output": "11"
                    }
                ],
                "hidden_testcase": [
                    {
                        "success": true,
                        "error": null
                    }
                ]
            }
        }
    },
    {
        "model": "codelife.submission",
        "pk": 24,
        "fields": {
            "participant": 1,
            "question": 1,
            "language": 1,
            "code": "print(input())",
            "output": 1,
            "created_at": "2025-01-09T13:53:46.001Z",
            "score": 10.0,
            "time": null,
            "memory": null,
            "json_data": {
                "sample_testcase": [
                    {
                        "success": true,
                        "error": null,
                        "input": "11",
                        "expected_output": "11",
                        "actual_output": "11"
                    }
                ],
                "hidden_testcase": [
                    {
                        "success": true,
                        "error": null
                    }
                ]
            }
        }
    },
    {
        "model": "codelife.submission",
        "pk": 25,
        "fields": {
            "participant": 1,
            "question": 1,
            "language": 1,
            "code": "print(input())",
            "output": 1,
            "created_at": "2025-01-09T13:55:11.466Z",
            "score": 10.0,
            "time": null,
            "memory": null,
            "json_data": {
                "sample_testcase": [
                    {
                        "success": true,
                        "error": null,
                        "input": "11",
                        "expected_output": "11",
                        "actual_output": "11"
                    }
                ],
                "hidden_testcase": [
                    {
                        "success": true,
                        "error": null
                    }
                ]
            }
        }
    },
    {
        "model": "codelife.submission",
        "pk": 26,
        "fields": {
            "participant": 1,
            "question": 1,
            "language": 1,
            "code": "print(input())",
            "output": 1,
            "created_at": "2025-01-09T14:27:35.474Z",
            "score": 10.0,
            "time": null,
            "memory": null,
            "json_data": {
                "sample_testcase": [
                    {
                        "success": true,
                        "error": null,
                        "input": "11",
                        "expected_output": "11",
                        "actual_output": "11"
                    }
                ],
                "hidden_testcase": [
                    {
                        "success": true,
                        "error": null
                    }
                ]
            }
        }
    },
    {
        "model": "codelife.submission",
        "pk": 27,
        "fields": {
            "participant": 1,
            "question": 1,
            "language": 1,
            "code": "print(input()",
            "output": 2,
            "created_at": "2025-01-09T14:28:14.735Z",
            "score": 0.0,
            "time": null,
            "memory": null,
            "json_data": {
                "sample_testcase": [
                    {
                        "success": false,
                        "error": "runtime_error",
                        "error_message": "  File \"C:\\Users\\polak\\AppData\\Local\\Temp\\tmpddmz8jvv\\example.py\", line 1\r\n    print(input()\r\n         ^\r\nSyntaxError: '(' was never closed\r\n"
                    }
                ],
                "hidden_testcase": [
                    {
                        "success": false,
                        "error": "runtime_error"
                    }
                ]
            }
        }
    },
    {
        "model": "codelife.submission",
        "pk": 28,
        "fields": {
            "participant": 1,
            "question": 1,
            "language": 1,
            "code": "print(input())",
            "output": 1,
            "created_at": "2025-01-09T14:29:14.788Z",
            "score": 10.0,
            "time": null,
            "memory": null,
            "json_data": {
                "sample_testcase": [
                    {
                        "success": true,
                        "error": null,
                        "input": "11",
                        "expected_output": "11",
                        "actual_output": "11"
                    }
                ],
                "hidden_testcase": [
                    {
                        "success": true,
                        "error": null
                    }
                ]
            }
        }
    },
    {
        "model": "codelife.submission",
        "pk": 29,
        "fields": {
            "participant": 1,
            "question": 1,
            "language": 1,
            "code": "print(input())",
            "output": 1,
            "created_at": "2025-01-09T14:39:10.622Z",
            "score": 10.0,
            "time": null,
            "memory": null,
            "json_data": {
                "sample_testcase": [
                    {
                        "success": true,
                        "error": null,
                        "input": "11",
                        "expected_output": "11",
                        "actual_output": "11"
                    }
                ],
                "hidden_testcase": [
                    {
                        "success": true,
                        "error": null
                    }
                ]
            }
        }
    },
    {
        "model": "codelife.submission",
        "pk": 30,
        "fields": {
            "participant": 1,
            "question": 1,
            "language": 1,
            "code": "print(input())",
            "output": 1,
            "created_at": "2025-01-09T14:39:20.010Z",
            "score": 10.0,
            "time": null,
            "memory": null,
            "json_data": {
                "sample_testcase": [
                    {
                        "success": true,
                        "error": null,
                        "input": "11",
                        "expected_output": "11",
                        "actual_output": "11"
                    }
                ],
                "hidden_testcase": [
                    {
                        "success": true,
                        "error": null
                    }
                ]
            }
        }
    },
    {
        "model": "codelife.submission",
        "pk": 31,
        "fields": {
            "participant": 1,
            "question": 1,
            "language": 1,
            "code": "print(input())",
            "output": 1,
            "created_at": "2025-01-09T14:39:31.940Z",
            "score": 10.0,
            "time": null,
            "memory": null,
            "json_data": {
                "sample_testcase": [
                    {
                        "success": true,
                        "error": null,
                        "input": "11",
                        "expected_output": "11",
                        "actual_output": "11"
                    }
                ],
                "hidden_testcase": [
                    {
                        "success": true,
                        "error": null
                    }
                ]
            }
        }
    },
    {
        "model": "codelife.submission",
        "pk": 32,
        "fields": {
            "participant": 1,
            "question": 4,
            "language": 1,
            "code": "",
            "output": 4,
            "created_at": "2025-01-09T14:54:09.390Z",
            "score": 0.0,
            "time": null,
            "memory": null,
            "json_data": {
                "sample_testcase": [],
                "hidden_testcase": [
                    {
                        "success": false,
                        "error": "wrong_answer"
                    }
                ]
            }
        }
    },
    {
        "model": "codelife.submission",
        "pk": 33,
        "fields": {
            "participant": 1,
            "question": 4,
            "language": 1,
            "code": "print(input())",
            "output": 1,
            "created_at": "2025-01-09T14:54:29.399Z",
            "score": 100.0,
            "time": null,
            "memory": null,
            "json_data": {
                "sample_testcase": [],
                "hidden_testcase": [
                    {
                        "success": true,
                        "error": null
                    }
                ]
            }
        }
    },
    {
        "model": "codelife.submission",
        "pk": 34,
        "fields": {
            "participant": 1,
            "question": 5,
            "language": 1,
            "code": "print(input())",
            "output": 4,
            "created_at": "2025-01-09T14:54:51.183Z",
            "score": 606.5,
            "time": null,
            "memory": null,
            "json_data": {
                "sample_testcase": [
                    {
                        "success": false,
                        "error": "wrong_answer",
                        "input": "dsr",
                        "expected_output": "dfgb",
                        "actual_output": "dsr"
                    }
                ],
                "hidden_testcase": [
                    {
                        "success": true,
                        "error": null
                    }
                ]
            }
        }
    },
    {
        "model": "codelife.submission",
        "pk": 35,
        "fields": {
            "participant": 1,
            "question": 2,
            "language": 1,
            "code": "print(input())",
            "output": 1,
            "created_at": "2025-01-09T14:54:55.118Z",
            "score": 100.0,
            "time": null,
            "memory": null,
            "json_data": {
                "sample_testcase": [
                    {
                        "success": true,
                        "error": null,
                        "input": "11",
                        "expected_output": "11",
                        "actual_output": "11"
                    },
                    {
                        "success": true,
                        "error": null,
                        "input": "2",
                        "expected_output": "2",
                        "actual_output": "2"
                    }
                ],
                "hidden_testcase": [
                    {
                        "success": true,
                        "error": null
                    }
                ]
            }
        }
    },
    {
        "model": "codelife.submission",
        "pk": 36,
        "fields": {
            "participant": 1,
            "question": 2,
            "language": 1,
            "code": "",
            "output": 4,
            "created_at": "2025-01-09T15:04:22.950Z",
            "score": 0.0,
            "time": null,
            "memory": null,
            "json_data": {
                "sample_testcase": [
                    {
                        "success": false,
                        "error": "wrong_answer",
                        "input": "11",
                        "expected_output": "11",
                        "actual_output": null
                    },
                    {
                        "success": false,
                        "error": "wrong_answer",
                        "input": "2",
                        "expected_output": "2",
                        "actual_output": null
                    }
                ],
                "hidden_testcase": [
                    {
                        "success": false,
                        "error": "wrong_answer"
                    }
                ]
            }
        }
    },
    {
        "model": "codelife.submission",
        "pk": 37,
        "fields": {
            "participant": 1,
            "question": 2,
            "language": 1,
            "code": "print(input())",
            "output": 1,
            "created_at": "2025-01-10T05:52:57.013Z",
            "score": 100.0,
            "time": null,
            "memory": null,
            "json_data": {
                "sample_testcase": [
                    {
                        "success": true,
                        "error": null,
                        "input": "11",
                        "expected_output": "11",
                        "actual_output": "11"
                    },
                    {
                        "success": true,
                        "error": null,
                        "input": "2",
                        "expected_output": "2",
                        "actual_output": "2"
                    }
                ],
                "hidden_testcase": [
                    {
                        "success": true,
                        "error": null
                    }
                ]
            }
        }
    },
    {
        "model": "codelife.submission",
        "pk": 38,
        "fields": {
            "participant": 1,
            "question": 1,
            "language": 1,
            "code": "#write your code heare",
            "output": 4,
            "created_at": "2025-01-10T10:21:45.074Z",
            "score": 0.0,
            "time": null,
            "memory": null,
            "json_data": {
                "sample_testcase": [
                    {
                        "success": false,
                        "error": "wrong_answer",
                        "input": "11",
                        "expected_output": "11",
                        "actual_output": null
                    }
                ],
                "hidden_testcase": [
                    {
                        "success": false,
                        "error": "wrong_answer"
                    }
                ]
            }
        }
    },
    {
        "model": "codelife.submission",
        "pk": 39,
        "fields": {
            "participant": 1,
            "question": 1,
            "language": 1,
            "code": "print(int(input())",
            "output": 2,
            "created_at": "2025-01-10T10:22:08.365Z",
            "score": 0.0,
            "time": null,
            "memory": null,
            "json_data": {
                "sample_testcase": [
                    {
                        "success": false,
                        "error": "runtime_error",
                        "error_message": "  File \"C:\\Users\\polak\\AppData\\Local\\Temp\\tmpqo9__267\\example.py\", line 1\r\n    print(int(input())\r\n         ^\r\nSyntaxError: '(' was never closed\r\n"
                    }
                ],
                "hidden_testcase": [
                    {
                        "success": false,
                        "error": "runtime_error"
                    }
                ]
            }
        }
    },
    {
        "model": "codelife.submission",
        "pk": 40,
        "fields": {
            "participant": 1,
            "question": 1,
            "language": 1,
            "code": "print(int(input()))",
            "output": 1,
            "created_at": "2025-01-10T10:22:19.140Z",
            "score": 10.0,
            "time": null,
            "memory": null,
            "json_data": {
                "sample_testcase": [
                    {
                        "success": true,
                        "error": null,
                        "input": "11",
                        "expected_output": "11",
                        "actual_output": "11"
                    }
                ],
                "hidden_testcase": [
                    {
                        "success": true,
                        "error": null
                    }
                ]
            }
        }
    },
    {
        "model": "codelife.submission",
        "pk": 41,
        "fields": {
            "participant": 1,
            "question": 2,
            "language": 1,
            "code": "print(input())",
            "output": 1,
            "created_at": "2025-01-10T11:21:50.486Z",
            "score": 100.0,
            "time": null,
            "memory": null,
            "json_data": {
                "sample_testcase": [
                    {
                        "success": true,
                        "error": null,
                        "input": "11",
                        "expected_output": "11",
                        "actual_output": "11"
                    },
                    {
                        "success": true,
                        "error": null,
                        "input": "2",
                        "expected_output": "2",
                        "actual_output": "2"
                    }
                ],
                "hidden_testcase": [
                    {
                        "success": true,
                        "error": null
                    }
                ]
            }
        }
    },
    {
        "model": "codelife.submission",
        "pk": 42,
        "fields": {
            "participant": 1,
            "question": 1,
            "language": 1,
            "code": "print(input())",
            "output": 1,
            "created_at": "2025-01-10T11:28:02.213Z",
            "score": 10.0,
            "time": null,
            "memory": null,
            "json_data": {
                "sample_testcase": [
                    {
                        "success": true,
                        "error": null,
                        "input": "11",
                        "expected_output": "11",
                        "actual_output": "11"
                    }
                ],
                "hidden_testcase": [
                    {
                        "success": true,
                        "error": null
                    }
                ]
            }
        }
    },
    {
        "model": "codelife.submission",
        "pk": 43,
        "fields": {
            "participant": 1,
            "question": 5,
            "language": 1,
            "code": "print(input())",
            "output": 4,
            "created_at": "2025-01-10T11:36:41.840Z",
            "score": 50.0,
            "time": null,
            "memory": null,
            "json_data": {
                "sample_testcase": [
                    {
                        "success": false,
                        "error": "wrong_answer",
                        "input": "dsr",
                        "expected_output": "dfgb",
                        "actual_output": "dsr"
                    }
                ],
                "hidden_testcase": [
                    {
                        "success": true,
                        "error": null
                    }
                ]
            }
        }
    },
    {
        "model": "codelife.submission",
        "pk": 44,
        "fields": {
            "participant": 1,
            "question": 5,
            "language": 1,
            "code": "print(input())",
            "output": 4,
            "created_at": "2025-01-10T11:37:18.856Z",
            "score": 50.0,
            "time": null,
            "memory": null,
            "json_data": {
                "sample_testcase": [
                    {
                        "success": false,
                        "error": "wrong_answer",
                        "input": "dsr",
                        "expected_output": "dfgb",
                        "actual_output": "dsr"
                    }
                ],
                "hidden_testcase": [
                    {
                        "success": true,
                        "error": null
                    }
                ]
            }
        }
    },
    {
        "model": "codelife.submission",
        "pk": 45,
        "fields": {
            "participant": 1,
            "question": 5,
            "language": 1,
            "code": "print(input())",
            "output": 4,
            "created_at": "2025-01-10T11:44:10.330Z",
            "score": 50.0,
            "time": null,
            "memory": null,
            "json_data": {
                "sample_testcase": [
                    {
                        "success": false,
                        "error": "wrong_answer",
                        "input": "dsr",
                        "expected_output": "dfgb",
                        "actual_output": "dsr"
                    }
                ],
                "hidden_testcase": [
                    {
                        "success": true,
                        "error": null
                    }
                ]
            }
        }
    },
    {
        "model": "codelife.submission",
        "pk": 46,
        "fields": {
            "participant": 1,
            "question": 3,
            "language": 1,
            "code": "print(input())",
            "output": 1,
            "created_at": "2025-01-10T11:46:11.194Z",
            "score": 100.0,
            "time": null,
            "memory": null,
            "json_data": {
                "sample_testcase": [
                    {
                        "success": true,
                        "error": null,
                        "input": "2",
                        "expected_output": "2",
                        "actual_output": "2"
                    }
                ],
                "hidden_testcase": [
                    {
                        "success": true,
                        "error": null
                    }
                ]
            }
        }
    },
    {
        "model": "codelife.submission",
        "pk": 47,
        "fields": {
            "participant": 1,
            "question": 5,
            "language": 1,
            "code": "print(input())",
            "output": 4,
            "created_at": "2025-01-10T12:02:09.502Z",
            "score": 50.0,
            "time": null,
            "memory": null,
            "json_data": {
                "sample_testcase": [
                    {
                        "success": false,
                        "error": "wrong_answer",
                        "input": "dsr",
                        "expected_output": "dfgb",
                        "actual_output": "dsr"
                    }
                ],
                "hidden_testcase": [
                    {
                        "success": true,
                        "error": null
                    }
                ]
            }
        }
    },
    {
        "model": "codelife.submission",
        "pk": 48,
        "fields": {
            "participant": 1,
            "question": 5,
            "language": 1,
            "code": "print(input())",
            "output": 4,
            "created_at": "2025-01-10T12:02:28.618Z",
            "score": 50.0,
            "time": null,
            "memory": null,
            "json_data": {
                "sample_testcase": [
                    {
                        "success": false,
                        "error": "wrong_answer",
                        "input": "dsr",
                        "expected_output": "dfgb",
                        "actual_output": "dsr"
                    }
                ],
                "hidden_testcase": [
                    {
                        "success": true,
                        "error": null
                    }
                ]
            }
        }
    },
    {
        "model": "codelife.submission",
        "pk": 49,
        "fields": {
            "participant": 1,
            "question": 1,
            "language": 1,
            "code": "print(input())",
            "output": 1,
            "created_at": "2025-01-10T12:03:18.249Z",
            "score": 10.0,
            "time": null,
            "memory": null,
            "json_data": {
                "sample_testcase": [
                    {
                        "success": true,
                        "error": null,
                        "input": "11",
                        "expected_output": "11",
                        "actual_output": "11"
                    }
                ],
                "hidden_testcase": [
                    {
                        "success": true,
                        "error": null
                    }
                ]
            }
        }
    },
    {
        "model": "codelife.submission",
        "pk": 50,
        "fields": {
            "participant": 1,
            "question": 4,
            "language": 4,
            "code": "import java.util.Scanner; \npublic class Main {\n    public static void main(String[] args) {\n Scanner sn=new Scanner(System.in);\n String a=sn.nextLine();\n        System.out.println(a);\n    }\n}",
            "output": 2,
            "created_at": "2025-01-10T15:45:42.771Z",
            "score": 75.0,
            "time": null,
            "memory": null,
            "json_data": {
                "sample_testcase": [],
                "hidden_testcase": [
                    {
                        "success": true,
                        "error": null
                    },
                    {
                        "success": true,
                        "error": null
                    },
                    {
                        "success": true,
                        "error": null
                    },
                    {
                        "success": false,
                        "error": "runtime_error"
                    }
                ]
            }
        }
    },
    {
        "model": "codelife.submission",
        "pk": 51,
        "fields": {
            "participant": 1,
            "question": 4,
            "language": 1,
            "code": "print(input())",
            "output": 2,
            "created_at": "2025-01-10T15:46:50.769Z",
            "score": 75.0,
            "time": null,
            "memory": null,
            "json_data": {
                "sample_testcase": [],
                "hidden_testcase": [
                    {
                        "success": true,
                        "error": null
                    },
                    {
                        "success": true,
                        "error": null
                    },
                    {
                        "success": true,
                        "error": null
                    },
                    {
                        "success": false,
                        "error": "runtime_error"
                    }
                ]
            }
        }
    },
    {
        "model": "codelife.submission",
        "pk": 52,
        "fields": {
            "participant": 1,
            "question": 4,
            "language": 1,
            "code": "print(input())",
            "output": 2,
            "created_at": "2025-01-10T15:46:59.932Z",
            "score": 75.0,
            "time": null,
            "memory": null,
            "json_data": {
                "sample_testcase": [],
                "hidden_testcase": [
                    {
                        "success": true,
                        "error": null
                    },
                    {
                        "success": true,
                        "error": null
                    },
                    {
                        "success": true,
                        "error": null
                    },
                    {
                        "success": false,
                        "error": "runtime_error"
                    }
                ]
            }
        }
    },
    {
        "model": "codelife.submission",
        "pk": 53,
        "fields": {
            "participant": 1,
            "question": 4,
            "language": 1,
            "code": "print(input())",
            "output": 2,
            "created_at": "2025-01-10T15:50:10.069Z",
            "score": 85.71428571428572,
            "time": null,
            "memory": null,
            "json_data": {
                "sample_testcase": [],
                "hidden_testcase": [
                    {
                        "success": true,
                        "error": null
                    },
                    {
                        "success": true,
                        "error": null
                    },
                    {
                        "success": true,
                        "error": null
                    },
                    {
                        "success": true,
                        "error": null
                    },
                    {
                        "success": true,
                        "error": null
                    },
                    {
                        "success": true,
                        "error": null
                    },
                    {
                        "success": false,
                        "error": "runtime_error"
                    }
                ]
            }
        }
    },
    {
        "model": "codelife.submission",
        "pk": 54,
        "fields": {
            "participant": 1,
            "question": 2,
            "language": 1,
            "code": "print(input())",
            "output": 1,
            "created_at": "2025-01-10T16:04:26.088Z",
            "score": 100.0,
            "time": null,
            "memory": null,
            "json_data": {
                "sample_testcase": [
                    {
                        "success": true,
                        "error": null,
                        "input": "11",
                        "expected_output": "11",
                        "actual_output": "11"
                    },
                    {
                        "success": true,
                        "error": null,
                        "input": "2",
                        "expected_output": "2",
                        "actual_output": "2"
                    }
                ],
                "hidden_testcase": []
            }
        }
    },
    {
        "model": "codelife.submission",
        "pk": 55,
        "fields": {
            "participant": 1,
            "question": 4,
            "language": 1,
            "code": "print(input())",
            "output": 1,
            "created_at": "2025-01-10T16:07:51.581Z",
            "score": 100.0,
            "time": null,
            "memory": null,
            "json_data": {
                "sample_testcase": [
                    {
                        "success": true,
                        "error": null,
                        "input": "11",
                        "expected_output": "11",
                        "actual_output": "11"
                    }
                ],
                "hidden_testcase": [
                    {
                        "success": true,
                        "error": null
                    },
                    {
                        "success": true,
                        "error": null
                    }
                ]
            }
        }
    },
    {
        "model": "codelife.submission",
        "pk": 56,
        "fields": {
            "participant": 1,
            "question": 4,
            "language": 1,
            "code": "print(input()",
            "output": 2,
            "created_at": "2025-01-10T16:08:28.752Z",
            "score": 0.0,
            "time": null,
            "memory": null,
            "json_data": {
                "sample_testcase": [
                    {
                        "success": false,
                        "error": "runtime_error",
                        "error_message": "  File \"C:\\Users\\polak\\AppData\\Local\\Temp\\tmpo13ikbfe\\example.py\", line 1\r\n    print(input()\r\n         ^\r\nSyntaxError: '(' was never closed\r\n"
                    }
                ],
                "hidden_testcase": [
                    {
                        "success": false,
                        "error": "runtime_error"
                    },
                    {
                        "success": false,
                        "error": "runtime_error"
                    }
                ]
            }
        }
    },
    {
        "model": "codelife.submission",
        "pk": 57,
        "fields": {
            "participant": 1,
            "question": 4,
            "language": 4,
            "code": "import java.util.Scanner; \npublic class Main {\n    public static void main(String[] args) {\n Scanner sn=new Scanner(System.in);\n String a=sn.nextLine();\n        System.out.println(a);\n    }\n}",
            "output": 1,
            "created_at": "2025-01-10T16:09:00.979Z",
            "score": 100.0,
            "time": null,
            "memory": null,
            "json_data": {
                "sample_testcase": [
                    {
                        "success": true,
                        "error": null,
                        "input": "11",
                        "expected_output": "11",
                        "actual_output": "11"
                    }
                ],
                "hidden_testcase": [
                    {
                        "success": true,
                        "error": null
                    },
                    {
                        "success": true,
                        "error": null
                    }
                ]
            }
        }
    },
    {
        "model": "codelife.submission",
        "pk": 58,
        "fields": {
            "participant": 1,
            "question": 4,
            "language": 4,
            "code": "import java.util.Scanner; \npublic class Main {\n    public static void main(String[] args) {\n Scanner sn=new Scanner(System.in);\n String a=sn.nextLine();\n        System.out.println(a);\n    }\n}",
            "output": 1,
            "created_at": "2025-01-10T17:10:53.315Z",
            "score": 100.0,
            "time": null,
            "memory": null,
            "json_data": {
                "sample_testcase": [
                    {
                        "success": true,
                        "error": null,
                        "input": "11",
                        "expected_output": "11",
                        "actual_output": "11"
                    }
                ],
                "hidden_testcase": [
                    {
                        "success": true,
                        "error": null
                    },
                    {
                        "success": true,
                        "error": null
                    }
                ]
            }
        }
    },
    {
        "model": "codelife.submission",
        "pk": 59,
        "fields": {
            "participant": 1,
            "question": 4,
            "language": 4,
            "code": "import java.util.Scanner; \npublic class Main {\n    public static void main(String[] args) {\n Scanner sn=new Scanner(System.in);\n String a=sn.nextLine();\n        System.out.println(a);\n    }\n}",
            "output": 1,
            "created_at": "2025-01-10T17:15:11.916Z",
            "score": 100.0,
            "time": null,
            "memory": null,
            "json_data": {
                "sample_testcase": [
                    {
                        "success": true,
                        "error": null,
                        "input": "11",
                        "expected_output": "11",
                        "actual_output": "11"
                    }
                ],
                "hidden_testcase": [
                    {
                        "success": true,
                        "error": null
                    },
                    {
                        "success": true,
                        "error": null
                    }
                ]
            }
        }
    },
    {
        "model": "codelife.submission",
        "pk": 60,
        "fields": {
            "participant": 1,
            "question": 4,
            "language": 4,
            "code": "import java.util.Scanner; \npublic class Main {\n    public static void main(String[] args) {\n Scanner sn=new Scanner(System.in);\n String a=sn.nextLine();\n        System.out.println(a);\n    }\n}",
            "output": 1,
            "created_at": "2025-01-10T17:18:25.524Z",
            "score": 100.0,
            "time": null,
            "memory": null,
            "json_data": {
                "sample_testcase": [
                    {
                        "success": true,
                        "error": null,
                        "input": "11",
                        "expected_output": "11",
                        "actual_output": "11"
                    }
                ],
                "hidden_testcase": [
                    {
                        "success": true,
                        "error": null
                    },
                    {
                        "success": true,
                        "error": null
                    }
                ]
            }
        }
    },
    {
        "model": "codelife.submission",
        "pk": 61,
        "fields": {
            "participant": 1,
            "question": 4,
            "language": 4,
            "code": "import java.util.Scanner; \npublic class Main {\n    public static void main(String[] args) {\n Scanner sn=new Scanner(System.in);\n String a=sn.nextLine();\n        System.out.println(a);\n    }\n}",
            "output": 1,
            "created_at": "2025-01-10T17:21:20.409Z",
            "score": 100.0,
            "time": null,
            "memory": null,
            "json_data": {
                "sample_testcase": [
                    {
                        "success": true,
                        "error": null,
                        "input": "11",
                        "expected_output": "11",
                        "actual_output": "11"
                    }
                ],
                "hidden_testcase": [
                    {
                        "success": true,
                        "error": null
                    },
                    {
                        "success": true,
                        "error": null
                    }
                ]
            }
        }
    },
    {
        "model": "codelife.submission",
        "pk": 62,
        "fields": {
            "participant": 1,
            "question": 4,
            "language": 4,
            "code": "import java.util.Scanner; \npublic class Main {\n    public static void main(String[] args) {\n Scanner sn=new Scanner(System.in);\n String a=sn.nextLine();\n        System.out.println(a);\n    }\n}",
            "output": 1,
            "created_at": "2025-01-10T17:25:50.850Z",
            "score": 100.0,
            "time": null,
            "memory": null,
            "json_data": {
                "sample_testcase": [
                    {
                        "success": true,
                        "error": null,
                        "input": "11",
                        "expected_output": "11",
                        "actual_output": "11"
                    }
                ],
                "hidden_testcase": [
                    {
                        "success": true,
                        "error": null
                    },
                    {
                        "success": true,
                        "error": null
                    }
                ]
            }
        }
    },
    {
        "model": "codelife.submission",
        "pk": 63,
        "fields": {
            "participant": 2,
            "question": 1,
            "language": 1,
            "code": "print(input())",
            "output": 1,
            "created_at": "2025-01-20T09:58:57.826Z",
            "score": 10.0,
            "time": null,
            "memory": null,
            "json_data": {
                "sample_testcase": [
                    {
                        "success": true,
                        "error": null,
                        "input": "11",
                        "expected_output": "11",
                        "actual_output": "11"
                    }
                ],
                "hidden_testcase": [
                    {
                        "success": true,
                        "error": null
                    }
                ]
            }
        }
    },
    {
        "model": "codelife.submission",
        "pk": 64,
        "fields": {
            "participant": 6,
            "question": 6,
            "language": 1,
            "code": "print(int(input())+int(input()))",
            "output": 1,
            "created_at": "2025-01-22T08:47:39.159Z",
            "score": 100.0,
            "time": null,
            "memory": null,
            "json_data": {
                "sample_testcase": [],
                "hidden_testcase": [
                    {
                        "success": true,
                        "error": null
                    },
                    {
                        "success": true,
                        "error": null
                    },
                    {
                        "success": true,
                        "error": null
                    }
                ]
            }
        }
    },
    {
        "model": "codelife.submission",
        "pk": 65,
        "fields": {
            "participant": 6,
            "question": 7,
            "language": 1,
            "code": "print(int(input())-int(input()))",
            "output": 2,
            "created_at": "2025-01-22T08:54:51.398Z",
            "score": 66.66666666666667,
            "time": null,
            "memory": null,
            "json_data": {
                "sample_testcase": [
                    {
                        "success": false,
                        "error": "runtime_error",
                        "error_message": "Traceback (most recent call last):\r\n  File \"C:\\Users\\polak\\AppData\\Local\\Temp\\tmpf9iwq8ly\\example.py\", line 1, in <module>\r\n    print(int(input())-int(input()))\r\n                           ^^^^^^^\r\nEOFError: EOF when reading a line\r\n"
                    }
                ],
                "hidden_testcase": [
                    {
                        "success": true,
                        "error": null
                    },
                    {
                        "success": true,
                        "error": null
                    }
                ]
            }
        }
    },
    {
        "model": "codelife.submission",
        "pk": 66,
        "fields": {
            "participant": 6,
            "question": 7,
            "language": 1,
            "code": "print(int(input())-int(input()))",
            "output": 1,
            "created_at": "2025-01-22T08:56:29.656Z",
            "score": 100.0,
            "time": null,
            "memory": null,
            "json_data": {
                "sample_testcase": [],
                "hidden_testcase": [
                    {
                        "success": true,
                        "error": null
                    }
                ]
            }
        }
    },
    {
        "model": "codelife.submission",
        "pk": 67,
        "fields": {
            "participant": 6,
            "question": 7,
            "language": 1,
            "code": "print(int(input())-int(input()))",
            "output": 1,
            "created_at": "2025-01-22T08:56:43.222Z",
            "score": 100.0,
            "time": null,
            "memory": null,
            "json_data": {
                "sample_testcase": [],
                "hidden_testcase": [
                    {
                        "success": true,
                        "error": null
                    }
                ]
            }
        }
    },
    {
        "model": "codelife.submission",
        "pk": 68,
        "fields": {
            "participant": 6,
            "question": 7,
            "language": 1,
            "code": "print(int(input())-int(input()))",
            "output": 1,
            "created_at": "2025-01-22T08:57:59.165Z",
            "score": 100.0,
            "time": null,
            "memory": null,
            "json_data": {
                "sample_testcase": [],
                "hidden_testcase": []
            }
        }
    },
    {
        "model": "codelife.submission",
        "pk": 69,
        "fields": {
            "participant": 6,
            "question": 7,
            "language": 1,
            "code": "print(int(input())-int(input()))",
            "output": 1,
            "created_at": "2025-01-22T08:58:45.927Z",
            "score": 100.0,
            "time": null,
            "memory": null,
            "json_data": {
                "sample_testcase": [],
                "hidden_testcase": []
            }
        }
    },
    {
        "model": "codelife.submission",
        "pk": 70,
        "fields": {
            "participant": 6,
            "question": 7,
            "language": 1,
            "code": "print(int(input())-int(input()))",
            "output": 1,
            "created_at": "2025-01-22T08:58:57.582Z",
            "score": 100.0,
            "time": null,
            "memory": null,
            "json_data": {
                "sample_testcase": [],
                "hidden_testcase": []
            }
        }
    },
    {
        "model": "codelife.submission",
        "pk": 71,
        "fields": {
            "participant": 6,
            "question": 6,
            "language": 1,
            "code": "print(int(input())+int(input()))",
            "output": 1,
            "created_at": "2025-01-22T13:33:54.675Z",
            "score": 100.0,
            "time": null,
            "memory": null,
            "json_data": {
                "sample_testcase": [],
                "hidden_testcase": [
                    {
                        "success": true,
                        "error": null
                    },
                    {
                        "success": true,
                        "error": null
                    },
                    {
                        "success": true,
                        "error": null
                    }
                ]
            }
        }
    },
    {
        "model": "codelife.submission",
        "pk": 72,
        "fields": {
            "participant": 6,
            "question": 7,
            "language": 1,
            "code": "print(int(input())-int(input()))",
            "output": 1,
            "created_at": "2025-01-22T13:34:13.434Z",
            "score": 100.0,
            "time": null,
            "memory": null,
            "json_data": {
                "sample_testcase": [],
                "hidden_testcase": []
            }
        }
    },
    {
        "model": "codelife.submission",
        "pk": 73,
        "fields": {
            "participant": 6,
            "question": 7,
            "language": 1,
            "code": "for i in range(10000000000):\n print()",
            "output": 1,
            "created_at": "2025-01-22T13:34:34.429Z",
            "score": 100.0,
            "time": null,
            "memory": null,
            "json_data": {
                "sample_testcase": [],
                "hidden_testcase": []
            }
        }
    },
    {
        "model": "codelife.submission",
        "pk": 74,
        "fields": {
            "participant": 6,
            "question": 6,
            "language": 1,
            "code": "for i in range(10000000000):\n print()",
            "output": 2,
            "created_at": "2025-01-22T13:38:48.365Z",
            "score": 0.0,
            "time": null,
            "memory": null,
            "json_data": {
                "sample_testcase": [],
                "hidden_testcase": [
                    {
                        "success": false,
                        "error": "runtime_error"
                    },
                    {
                        "success": false,
                        "error": "runtime_error"
                    },
                    {
                        "success": false,
                        "error": "runtime_error"
                    }
                ]
            }
        }
    },
    {
        "model": "codelife.submission",
        "pk": 75,
        "fields": {
            "participant": 6,
            "question": 7,
            "language": 1,
            "code": "print(int(input())-int(input()))",
            "output": 1,
            "created_at": "2025-01-22T13:40:21.396Z",
            "score": 100.0,
            "time": null,
            "memory": null,
            "json_data": {
                "sample_testcase": [],
                "hidden_testcase": []
            }
        }
    },
    {
        "model": "codelife.submission",
        "pk": 76,
        "fields": {
            "participant": 6,
            "question": 6,
            "language": 1,
            "code": "for i in range(100000000):\n print()",
            "output": 2,
            "created_at": "2025-01-22T13:41:03.825Z",
            "score": 0.0,
            "time": null,
            "memory": null,
            "json_data": {
                "sample_testcase": [],
                "hidden_testcase": [
                    {
                        "success": false,
                        "error": "runtime_error"
                    },
                    {
                        "success": false,
                        "error": "runtime_error"
                    },
                    {
                        "success": false,
                        "error": "runtime_error"
                    }
                ]
            }
        }
    },
    {
        "model": "codelife.submission",
        "pk": 77,
        "fields": {
            "participant": 6,
            "question": 6,
            "language": 1,
            "code": "for i in range(10000000000):\n print()",
            "output": 2,
            "created_at": "2025-01-22T13:41:03.848Z",
            "score": 0.0,
            "time": null,
            "memory": null,
            "json_data": {
                "sample_testcase": [],
                "hidden_testcase": [
                    {
                        "success": false,
                        "error": "runtime_error"
                    },
                    {
                        "success": false,
                        "error": "runtime_error"
                    },
                    {
                        "success": false,
                        "error": "runtime_error"
                    }
                ]
            }
        }
    },
    {
        "model": "codelife.submission",
        "pk": 78,
        "fields": {
            "participant": 6,
            "question": 7,
            "language": 1,
            "code": "print(int(input())-int(input()))",
            "output": 1,
            "created_at": "2025-01-22T13:41:42.509Z",
            "score": 100.0,
            "time": null,
            "memory": null,
            "json_data": {
                "sample_testcase": [],
                "hidden_testcase": []
            }
        }
    },
    {
        "model": "codelife.submission",
        "pk": 79,
        "fields": {
            "participant": 6,
            "question": 7,
            "language": 1,
            "code": "print(int(input())-int(input()))",
            "output": 1,
            "created_at": "2025-01-22T13:41:47.260Z",
            "score": 100.0,
            "time": null,
            "memory": null,
            "json_data": {
                "sample_testcase": [],
                "hidden_testcase": []
            }
        }
    },
    {
        "model": "codelife.submission",
        "pk": 80,
        "fields": {
            "participant": 6,
            "question": 6,
            "language": 1,
            "code": "for i in range(100000000):\n print()",
            "output": 2,
            "created_at": "2025-01-22T13:43:16.344Z",
            "score": 0.0,
            "time": null,
            "memory": null,
            "json_data": {
                "sample_testcase": [],
                "hidden_testcase": [
                    {
                        "success": false,
                        "error": "runtime_error"
                    },
                    {
                        "success": false,
                        "error": "runtime_error"
                    },
                    {
                        "success": false,
                        "error": "runtime_error"
                    }
                ]
            }
        }
    },
    {
        "model": "codelife.submission",
        "pk": 81,
        "fields": {
            "participant": 6,
            "question": 6,
            "language": 1,
            "code": "for i in range(100000000):\n print()",
            "output": 2,
            "created_at": "2025-01-22T13:43:16.346Z",
            "score": 0.0,
            "time": null,
            "memory": null,
            "json_data": {
                "sample_testcase": [],
                "hidden_testcase": [
                    {
                        "success": false,
                        "error": "runtime_error"
                    },
                    {
                        "success": false,
                        "error": "runtime_error"
                    },
                    {
                        "success": false,
                        "error": "runtime_error"
                    }
                ]
            }
        }
    },
    {
        "model": "codelife.submission",
        "pk": 82,
        "fields": {
            "participant": 6,
            "question": 6,
            "language": 1,
            "code": "print(int(input())+int(input()))",
            "output": 1,
            "created_at": "2025-01-22T14:23:58.667Z",
            "score": 100.0,
            "time": null,
            "memory": null,
            "json_data": {
                "sample_testcase": [],
                "hidden_testcase": [
                    {
                        "success": true,
                        "error": null
                    },
                    {
                        "success": true,
                        "error": null
                    },
                    {
                        "success": true,
                        "error": null
                    }
                ]
            }
        }
    },
    {
        "model": "codelife.submission",
        "pk": 83,
        "fields": {
            "participant": 6,
            "question": 6,
            "language": 1,
            "code": "print(int(input())+int(input()))",
            "output": 1,
            "created_at": "2025-01-22T14:25:53.721Z",
            "score": 100.0,
            "time": null,
            "memory": null,
            "json_data": {
                "sample_testcase": [],
                "hidden_testcase": [
                    {
                        "success": true,
                        "error": null
                    },
                    {
                        "success": true,
                        "error": null
                    },
                    {
                        "success": true,
                        "error": null
                    }
                ]
            }
        }
    },
    {
        "model": "codelife.submission",
        "pk": 84,
        "fields": {
            "participant": 6,
            "question": 7,
            "language": 1,
            "code": "print(int(input())-int(input()))",
            "output": 1,
            "created_at": "2025-01-22T14:26:04.805Z",
            "score": 100.0,
            "time": null,
            "memory": null,
            "json_data": {
                "sample_testcase": [],
                "hidden_testcase": []
            }
        }
    },
    {
        "model": "codelife.tempcode",
        "pk": 1,
        "fields": {
            "participant": 1,
            "question": 1,
            "c": "#include<stdio.h>\nint main() {\n    printf(\"Hello, World!\\n\");\n    return 0;\n}",
            "python": "print(input())",
            "cpp": "#include<iostream>\nusing namespace std;\nint main() {\n    cout << \"Hello, World!\" << endl;\n    return 0;\n}",
            "java": "import java.util.Scanner; \npublic class Main {\n public static void main(String[] args) {\n Scanner sn=new Scanner(System.in);\n String a=sn.nextLine();\n System.out.println(a);\n    }\n}"
        }
    },
    {
        "model": "codelife.tempcode",
        "pk": 2,
        "fields": {
            "participant": 1,
            "question": 2,
            "c": "#include<stdio.h>\nint main() {\n    printf(\"Hello, World!\\n\");\n    return 0;\n}",
            "python": "",
            "cpp": "#include<iostream>\nusing namespace std;\nint main() {\n    cout << \"Hello, World!\" << endl;\n    return 0;\n}",
            "java": "Submitting program: import java.util.Scanner; \npublic class Main {\n    public static void main(String[] args) {\n Scanner sn=new Scanner(System.in);\n String a=sn.nextLine();\n        System.out.println(a);\n    }\n\n}"
        }
    },
    {
        "model": "codelife.tempcode",
        "pk": 3,
        "fields": {
            "participant": 1,
            "question": 3,
            "c": "#include<stdio.h>\nint main() {\n    printf(\"Hello, World!\\n\");\n    return 0;\n}",
            "python": "print(input())",
            "cpp": "#include<iostream>\nusing namespace std;\nint main() {\n    cout << \"Hello, World!\" << endl;\n    return 0;\n}",
            "java": "Submitting program: import java.util.Scanner; \npublic class Main {\n    public static void main(String[] args) {\n Scanner sn=new Scanner(System.in);\n String a=sn.nextLine();\n        System.out.println(a);\n    }\n}"
        }
    },
    {
        "model": "codelife.tempcode",
        "pk": 4,
        "fields": {
            "participant": 1,
            "question": 5,
            "c": "#include<stdio.h>\nint main() {\n    printf(\"Hello, World!\\n\");\n    return 0;\n}",
            "python": "print(input())",
            "cpp": "#include<iostream>\nusing namespace std;\nint main() {\n    cout << \"Hello, World!\" << endl;\n    return 0;\n}",
            "java": "Submitting program: import java.util.Scanner; \npublic class Main {\n    public static void main(String[] args) {\n Scanner sn=new Scanner(System.in);\n String a=sn.nextLine();\n        System.out.println(a);\n    }\n}"
        }
    },
    {
        "model": "codelife.tempcode",
        "pk": 5,
        "fields": {
            "participant": 1,
            "question": 4,
            "c": "#include<stdio.h>\nint main() {\n    int a;\n    scanf('%d',&a);\n    printf(\"%d\",a);\n    return 0;\n}",
            "python": "print(input(",
            "cpp": "#include<iostream>\nusing namespace std;\nint main() {\n    cout << \"Hello, World!\" << endl;\n    return 0;\n}",
            "java": "Submitting program: import java.util.Scanner; \npublic class Main {\n    public static void main(String[] args) {\n Scanner sn=new Scanner(System.in);\n String a=sn.nextLine();\n        System.out.println(a);\n    }\n}"
        }
    },
    {
        "model": "codelife.tempcode",
        "pk": 6,
        "fields": {
            "participant": 2,
            "question": 1,
            "c": "#include<stdio.h>\nint main() {\n    printf(\"Hello, World!\\n\");\n    return 0;\n}",
            "python": "print(input())",
            "cpp": "#include<iostream>\nusing namespace std;\nint main() {\n    cout << \"Hello, World!\" << endl;\n    return 0;\n}",
            "java": "public class Main {\n    public static void main(String[] args) {\n        System.out.println(\"Hello, World!\");\n    }\n}"
        }
    },
    {
        "model": "codelife.tempcode",
        "pk": 7,
        "fields": {
            "participant": 2,
            "question": 2,
            "c": "#include<stdio.h>\nint main() {\n    printf(\"Hello, World!\\n\");\n    return 0;\n}",
            "python": "#write your code heare",
            "cpp": "#include<iostream>\nusing namespace std;\nint main() {\n    cout << \"Hello, World!\" << endl;\n    return 0;\n}",
            "java": "public class Main {\n    public static void main(String[] args) {\n        System.out.println(\"Hello, World!\");\n    }\n}"
        }
    },
    {
        "model": "codelife.tempcode",
        "pk": 8,
        "fields": {
            "participant": 2,
            "question": 3,
            "c": "#include<stdio.h>\nint main() {\n    printf(\"Hello, World!\\n\");\n    return 0;\n}",
            "python": "#write your code heare",
            "cpp": "#include<iostream>\nusing namespace std;\nint main() {\n    cout << \"Hello, World!\" << endl;\n    return 0;\n}",
            "java": "public class Main {\n    public static void main(String[] args) {\n        System.out.println(\"Hello, World!\");\n    }\n}"
        }
    },
    {
        "model": "codelife.tempcode",
        "pk": 9,
        "fields": {
            "participant": 4,
            "question": 1,
            "c": "#include<stdio.h>\nint main() {\n    printf(\"Hello, World!\\n\");\n    return 0;\n}",
            "python": "#write your code heare",
            "cpp": "#include<iostream>\nusing namespace std;\nint main() {\n    cout << \"Hello, World!\" << endl;\n    return 0;\n}",
            "java": "public class Main {\n    public static void main(String[] args) {\n        System.out.println(\"Hello, World!\");\n    }\n}"
        }
    },
    {
        "model": "codelife.tempcode",
        "pk": 10,
        "fields": {
            "participant": 4,
            "question": 2,
            "c": "#include<stdio.h>\nint main() {\n    printf(\"Hello, World!\\n\");\n    return 0;\n}",
            "python": "#write your code heare",
            "cpp": "#include<iostream>\nusing namespace std;\nint main() {\n    cout << \"Hello, World!\" << endl;\n    return 0;\n}",
            "java": "public class Main {\n    public static void main(String[] args) {\n        System.out.println(\"Hello, World!\");\n    }\n}"
        }
    },
    {
        "model": "codelife.tempcode",
        "pk": 11,
        "fields": {
            "participant": 4,
            "question": 3,
            "c": "#include<stdio.h>\nint main() {\n    printf(\"Hello, World!\\n\");\n    return 0;\n}",
            "python": "#write your code heare",
            "cpp": "#include<iostream>\nusing namespace std;\nint main() {\n    cout << \"Hello, World!\" << endl;\n    return 0;\n}",
            "java": "public class Main {\n    public static void main(String[] args) {\n        System.out.println(\"Hello, World!\");\n    }\n}"
        }
    },
    {
        "model": "codelife.tempcode",
        "pk": 12,
        "fields": {
            "participant": 4,
            "question": 4,
            "c": "#include<stdio.h>\nint main() {\n    printf(\"Hello, World!\\n\");\n    return 0;\n}",
            "python": "#write your code heare",
            "cpp": "#include<iostream>\nusing namespace std;\nint main() {\n    cout << \"Hello, World!\" << endl;\n    return 0;\n}",
            "java": "public class Main {\n    public static void main(String[] args) {\n        System.out.println(\"Hello, World!\");\n    }\n}"
        }
    },
    {
        "model": "codelife.tempcode",
        "pk": 13,
        "fields": {
            "participant": 4,
            "question": 5,
            "c": "#include<stdio.h>\nint main() {\n    printf(\"Hello, World!\\n\");\n    return 0;\n}",
            "python": "#write your code heare",
            "cpp": "#include<iostream>\nusing namespace std;\nint main() {\n    cout << \"Hello, World!\" << endl;\n    return 0;\n}",
            "java": "public class Main {\n    public static void main(String[] args) {\n        System.out.println(\"Hello, World!\");\n    }\n}"
        }
    },
    {
        "model": "codelife.tempcode",
        "pk": 14,
        "fields": {
            "participant": 6,
            "question": 6,
            "c": "#include<stdio.h>\nint main() {\n    printf(\"Hello, World!\\n\");\n    return 0;\n}",
            "python": "print(int(input())+int(input()))",
            "cpp": "#include<iostream>\nusing namespace std;\nint main() {\n    cout << \"Hello, World!\" << endl;\n    return 0;\n}",
            "java": "public class Main {\n    public static void main(String[] args) {\n        System.out.println(\"Hello, World!\");\n    }\n}"
        }
    },
    {
        "model": "codelife.tempcode",
        "pk": 15,
        "fields": {
            "participant": 6,
            "question": 7,
            "c": "#include<stdio.h>\nint main() {\n    printf(\"Hello, World!\\n\");\n    return 0;\n}",
            "python": "print(int(input())-int(input()))",
            "cpp": "#include<iostream>\nusing namespace std;\nint main() {\n    cout << \"Hello, World!\" << endl;\n    return 0;\n}",
            "java": "public class Main {\n    public static void main(String[] args) {\n        System.out.println(\"Hello, World!\");\n    }\n}"
        }
    },
    {
        "model": "admin.logentry",
        "pk": 1,
        "fields": {
            "action_time": "2024-12-20T10:55:12.052Z",
            "user": 5,
            "content_type": 1,
            "object_id": "2",
            "object_repr": "Manoj",
            "action_flag": 3,
            "change_message": ""
        }
    },
    {
        "model": "admin.logentry",
        "pk": 2,
        "fields": {
            "action_time": "2024-12-20T10:55:33.047Z",
            "user": 5,
            "content_type": 1,
            "object_id": "3",
            "object_repr": "Chandu11",
            "action_flag": 2,
            "change_message": "[{\"changed\": {\"fields\": [\"Staff status\"]}}]"
        }
    },
    {
        "model": "auth.permission",
        "pk": 1,
        "fields": {
            "name": "Can add user",
            "content_type": 1,
            "codename": "add_user"
        }
    },
    {
        "model": "auth.permission",
        "pk": 2,
        "fields": {
            "name": "Can change user",
            "content_type": 1,
            "codename": "change_user"
        }
    },
    {
        "model": "auth.permission",
        "pk": 3,
        "fields": {
            "name": "Can delete user",
            "content_type": 1,
            "codename": "delete_user"
        }
    },
    {
        "model": "auth.permission",
        "pk": 4,
        "fields": {
            "name": "Can view user",
            "content_type": 1,
            "codename": "view_user"
        }
    },
    {
        "model": "auth.permission",
        "pk": 5,
        "fields": {
            "name": "Can add contests",
            "content_type": 2,
            "codename": "add_contests"
        }
    },
    {
        "model": "auth.permission",
        "pk": 6,
        "fields": {
            "name": "Can change contests",
            "content_type": 2,
            "codename": "change_contests"
        }
    },
    {
        "model": "auth.permission",
        "pk": 7,
        "fields": {
            "name": "Can delete contests",
            "content_type": 2,
            "codename": "delete_contests"
        }
    },
    {
        "model": "auth.permission",
        "pk": 8,
        "fields": {
            "name": "Can view contests",
            "content_type": 2,
            "codename": "view_contests"
        }
    },
    {
        "model": "auth.permission",
        "pk": 9,
        "fields": {
            "name": "Can add participant",
            "content_type": 3,
            "codename": "add_participant"
        }
    },
    {
        "model": "auth.permission",
        "pk": 10,
        "fields": {
            "name": "Can change participant",
            "content_type": 3,
            "codename": "change_participant"
        }
    },
    {
        "model": "auth.permission",
        "pk": 11,
        "fields": {
            "name": "Can delete participant",
            "content_type": 3,
            "codename": "delete_participant"
        }
    },
    {
        "model": "auth.permission",
        "pk": 12,
        "fields": {
            "name": "Can view participant",
            "content_type": 3,
            "codename": "view_participant"
        }
    },
    {
        "model": "auth.permission",
        "pk": 13,
        "fields": {
            "name": "Can add questions",
            "content_type": 4,
            "codename": "add_questions"
        }
    },
    {
        "model": "auth.permission",
        "pk": 14,
        "fields": {
            "name": "Can change questions",
            "content_type": 4,
            "codename": "change_questions"
        }
    },
    {
        "model": "auth.permission",
        "pk": 15,
        "fields": {
            "name": "Can delete questions",
            "content_type": 4,
            "codename": "delete_questions"
        }
    },
    {
        "model": "auth.permission",
        "pk": 16,
        "fields": {
            "name": "Can view questions",
            "content_type": 4,
            "codename": "view_questions"
        }
    },
    {
        "model": "auth.permission",
        "pk": 17,
        "fields": {
            "name": "Can add submission",
            "content_type": 5,
            "codename": "add_submission"
        }
    },
    {
        "model": "auth.permission",
        "pk": 18,
        "fields": {
            "name": "Can change submission",
            "content_type": 5,
            "codename": "change_submission"
        }
    },
    {
        "model": "auth.permission",
        "pk": 19,
        "fields": {
            "name": "Can delete submission",
            "content_type": 5,
            "codename": "delete_submission"
        }
    },
    {
        "model": "auth.permission",
        "pk": 20,
        "fields": {
            "name": "Can view submission",
            "content_type": 5,
            "codename": "view_submission"
        }
    },
    {
        "model": "auth.permission",
        "pk": 21,
        "fields": {
            "name": "Can add testcases",
            "content_type": 6,
            "codename": "add_testcases"
        }
    },
    {
        "model": "auth.permission",
        "pk": 22,
        "fields": {
            "name": "Can change testcases",
            "content_type": 6,
            "codename": "change_testcases"
        }
    },
    {
        "model": "auth.permission",
        "pk": 23,
        "fields": {
            "name": "Can delete testcases",
            "content_type": 6,
            "codename": "delete_testcases"
        }
    },
    {
        "model": "auth.permission",
        "pk": 24,
        "fields": {
            "name": "Can view testcases",
            "content_type": 6,
            "codename": "view_testcases"
        }
    },
    {
        "model": "auth.permission",
        "pk": 25,
        "fields": {
            "name": "Can add log entry",
            "content_type": 7,
            "codename": "add_logentry"
        }
    },
    {
        "model": "auth.permission",
        "pk": 26,
        "fields": {
            "name": "Can change log entry",
            "content_type": 7,
            "codename": "change_logentry"
        }
    },
    {
        "model": "auth.permission",
        "pk": 27,
        "fields": {
            "name": "Can delete log entry",
            "content_type": 7,
            "codename": "delete_logentry"
        }
    },
    {
        "model": "auth.permission",
        "pk": 28,
        "fields": {
            "name": "Can view log entry",
            "content_type": 7,
            "codename": "view_logentry"
        }
    },
    {
        "model": "auth.permission",
        "pk": 29,
        "fields": {
            "name": "Can add permission",
            "content_type": 8,
            "codename": "add_permission"
        }
    },
    {
        "model": "auth.permission",
        "pk": 30,
        "fields": {
            "name": "Can change permission",
            "content_type": 8,
            "codename": "change_permission"
        }
    },
    {
        "model": "auth.permission",
        "pk": 31,
        "fields": {
            "name": "Can delete permission",
            "content_type": 8,
            "codename": "delete_permission"
        }
    },
    {
        "model": "auth.permission",
        "pk": 32,
        "fields": {
            "name": "Can view permission",
            "content_type": 8,
            "codename": "view_permission"
        }
    },
    {
        "model": "auth.permission",
        "pk": 33,
        "fields": {
            "name": "Can add group",
            "content_type": 9,
            "codename": "add_group"
        }
    },
    {
        "model": "auth.permission",
        "pk": 34,
        "fields": {
            "name": "Can change group",
            "content_type": 9,
            "codename": "change_group"
        }
    },
    {
        "model": "auth.permission",
        "pk": 35,
        "fields": {
            "name": "Can delete group",
            "content_type": 9,
            "codename": "delete_group"
        }
    },
    {
        "model": "auth.permission",
        "pk": 36,
        "fields": {
            "name": "Can view group",
            "content_type": 9,
            "codename": "view_group"
        }
    },
    {
        "model": "auth.permission",
        "pk": 37,
        "fields": {
            "name": "Can add content type",
            "content_type": 10,
            "codename": "add_contenttype"
        }
    },
    {
        "model": "auth.permission",
        "pk": 38,
        "fields": {
            "name": "Can change content type",
            "content_type": 10,
            "codename": "change_contenttype"
        }
    },
    {
        "model": "auth.permission",
        "pk": 39,
        "fields": {
            "name": "Can delete content type",
            "content_type": 10,
            "codename": "delete_contenttype"
        }
    },
    {
        "model": "auth.permission",
        "pk": 40,
        "fields": {
            "name": "Can view content type",
            "content_type": 10,
            "codename": "view_contenttype"
        }
    },
    {
        "model": "auth.permission",
        "pk": 41,
        "fields": {
            "name": "Can add session",
            "content_type": 11,
            "codename": "add_session"
        }
    },
    {
        "model": "auth.permission",
        "pk": 42,
        "fields": {
            "name": "Can change session",
            "content_type": 11,
            "codename": "change_session"
        }
    },
    {
        "model": "auth.permission",
        "pk": 43,
        "fields": {
            "name": "Can delete session",
            "content_type": 11,
            "codename": "delete_session"
        }
    },
    {
        "model": "auth.permission",
        "pk": 44,
        "fields": {
            "name": "Can view session",
            "content_type": 11,
            "codename": "view_session"
        }
    },
    {
        "model": "auth.permission",
        "pk": 45,
        "fields": {
            "name": "Can add tempcode",
            "content_type": 12,
            "codename": "add_tempcode"
        }
    },
    {
        "model": "auth.permission",
        "pk": 46,
        "fields": {
            "name": "Can change tempcode",
            "content_type": 12,
            "codename": "change_tempcode"
        }
    },
    {
        "model": "auth.permission",
        "pk": 47,
        "fields": {
            "name": "Can delete tempcode",
            "content_type": 12,
            "codename": "delete_tempcode"
        }
    },
    {
        "model": "auth.permission",
        "pk": 48,
        "fields": {
            "name": "Can view tempcode",
            "content_type": 12,
            "codename": "view_tempcode"
        }
    },
    {
        "model": "contenttypes.contenttype",
        "pk": 1,
        "fields": {
            "app_label": "core",
            "model": "user"
        }
    },
    {
        "model": "contenttypes.contenttype",
        "pk": 2,
        "fields": {
            "app_label": "core",
            "model": "contests"
        }
    },
    {
        "model": "contenttypes.contenttype",
        "pk": 3,
        "fields": {
            "app_label": "codelife",
            "model": "participant"
        }
    },
    {
        "model": "contenttypes.contenttype",
        "pk": 4,
        "fields": {
            "app_label": "codelife",
            "model": "questions"
        }
    },
    {
        "model": "contenttypes.contenttype",
        "pk": 5,
        "fields": {
            "app_label": "codelife",
            "model": "submission"
        }
    },
    {
        "model": "contenttypes.contenttype",
        "pk": 6,
        "fields": {
            "app_label": "codelife",
            "model": "testcases"
        }
    },
    {
        "model": "contenttypes.contenttype",
        "pk": 7,
        "fields": {
            "app_label": "admin",
            "model": "logentry"
        }
    },
    {
        "model": "contenttypes.contenttype",
        "pk": 8,
        "fields": {
            "app_label": "auth",
            "model": "permission"
        }
    },
    {
        "model": "contenttypes.contenttype",
        "pk": 9,
        "fields": {
            "app_label": "auth",
            "model": "group"
        }
    },
    {
        "model": "contenttypes.contenttype",
        "pk": 10,
        "fields": {
            "app_label": "contenttypes",
            "model": "contenttype"
        }
    },
    {
        "model": "contenttypes.contenttype",
        "pk": 11,
        "fields": {
            "app_label": "sessions",
            "model": "session"
        }
    },
    {
        "model": "contenttypes.contenttype",
        "pk": 12,
        "fields": {
            "app_label": "codelife",
            "model": "tempcode"
        }
    },
    {
        "model": "sessions.session",
        "pk": "3ke060aa9ihwejzmiftmssrl2tiwnm21",
        "fields": {
            "session_data": ".eJxVjM0OwiAQhN-FsyH8lAU9evcZCOwuUjU0Ke3J-O62SQ96mmS-b-YtYlqXGtfOcxxJXIQTp98uJ3xy2wE9UrtPEqe2zGOWuyIP2uVtIn5dD_fvoKZetzUULiboAMESM4I1foCclfZErrgBrfWFkBUVsIW9OWPWKoSwJRh04vMF9PM4Tw:1tQrlt:mwvvMUiRamjm7y6sOQG_0rBJ54paMSoumqc_z4DemtM",
            "expire_date": "2025-01-09T17:35:41.319Z"
        }
    },
    {
        "model": "sessions.session",
        "pk": "4te6u5kpzdrncjxthhkt8b3747r99olx",
        "fields": {
            "session_data": ".eJxVjM0OwiAQhN-FsyH8lAU9evcZCOwuUjU0Ke3J-O62SQ96mmS-b-YtYlqXGtfOcxxJXIQTp98uJ3xy2wE9UrtPEqe2zGOWuyIP2uVtIn5dD_fvoKZetzUULiboAMESM4I1foCclfZErrgBrfWFkBUVsIW9OWPWKoSwJRh04vMF9PM4Tw:1tWDgu:LSRQl4LMbcGtTsKZpXYuIBhk0CY8UTnwVb1sO4P0U8M",
            "expire_date": "2025-01-24T12:00:40.942Z"
        }
    },
    {
        "model": "sessions.session",
        "pk": "6s6c3drex38u6dmjfg998l2lv82dyf3j",
        "fields": {
            "session_data": ".eJxVjMsOwiAQRf-FtSED5enSvd9ABgakaiAp7cr479qkC93ec859sYDbWsM28hJmYmem2Ol3i5geue2A7thunafe1mWOfFf4QQe_dsrPy-H-HVQc9VtDxOxktprM5KMQRATJA_iisqaYNGJ0pXhw0wTWSSONSMqhLcYKIMXeH_XZN9I:1tOEDP:bvN0FMuSXvGRZSRrc4lMekxgvF3bNVAVF1lsh0kALs8",
            "expire_date": "2025-01-02T10:57:11.022Z"
        }
    },
    {
        "model": "sessions.session",
        "pk": "8gniu9ccdfrxnlmsh280qsr4s2461a9l",
        "fields": {
            "session_data": ".eJxVjMsOwiAQRf-FtSG0DA9duvcbyAwDUjWQlHZl_HfbpAvd3nPOfYuA61LC2tMcJhYXocXpdyOMz1R3wA-s9yZjq8s8kdwVedAub43T63q4fwcFe9lq5y2akZXOnjK57JRmzuAVnPVIgBbMADrCwBjRem8Vxc0zKWnjI5D4fAHf4zgF:1tP1xu:eAxPfDlTD5kyRF-gWVocTEB8GStWSGqLsgtphZc7m8U",
            "expire_date": "2025-01-04T16:04:30.701Z"
        }
    },
    {
        "model": "sessions.session",
        "pk": "bbtsqtks4vtyc6ivnrljwokeq0qq6fca",
        "fields": {
            "session_data": ".eJxVjM0OwiAQhN-FsyH8lAU9evcZCOwuUjU0Ke3J-O62SQ96mmS-b-YtYlqXGtfOcxxJXIQTp98uJ3xy2wE9UrtPEqe2zGOWuyIP2uVtIn5dD_fvoKZetzUULiboAMESM4I1foCclfZErrgBrfWFkBUVsIW9OWPWKoSwJRh04vMF9PM4Tw:1tQ7II:2mVj0F5yx9HaAkaP_rQUOb7_rsF24AWFQ_-SmcQ6wvk",
            "expire_date": "2025-01-07T15:58:02.263Z"
        }
    },
    {
        "model": "sessions.session",
        "pk": "fx5p14kj6lbn18ioqjfye7qbznj3vkkv",
        "fields": {
            "session_data": ".eJxVjM0OwiAQhN-FsyH8lAU9evcZCOwuUjU0Ke3J-O62SQ96mmS-b-YtYlqXGtfOcxxJXIQTp98uJ3xy2wE9UrtPEqe2zGOWuyIP2uVtIn5dD_fvoKZetzUULiboAMESM4I1foCclfZErrgBrfWFkBUVsIW9OWPWKoSwJRh04vMF9PM4Tw:1tUmTp:keglPVvdAvxyy1gbvJN-9L2YpKw_0p_Ylo6oX6mnINU",
            "expire_date": "2025-01-20T12:45:13.352Z"
        }
    },
    {
        "model": "sessions.session",
        "pk": "gqky1aqr08404awg65uz8fxpd0g50bir",
        "fields": {
            "session_data": ".eJxVjM0OwiAQhN-FsyH8lAU9evcZCOwuUjU0Ke3J-O62SQ96mmS-b-YtYlqXGtfOcxxJXIQTp98uJ3xy2wE9UrtPEqe2zGOWuyIP2uVtIn5dD_fvoKZetzUULiboAMESM4I1foCclfZErrgBrfWFkBUVsIW9OWPWKoSwJRh04vMF9PM4Tw:1tWxHO:SFSDTlY1J3_YPJ3hc4jGP5QMAc7H5lcj7Z6AKJwGGEU",
            "expire_date": "2025-01-26T12:41:22.986Z"
        }
    },
    {
        "model": "sessions.session",
        "pk": "l0c9li9oxdq0i41uswzfkfxyescvztbr",
        "fields": {
            "session_data": ".eJxVjM0OwiAQhN-FsyH8lAU9evcZCOwuUjU0Ke3J-O62SQ96mmS-b-YtYlqXGtfOcxxJXIQTp98uJ3xy2wE9UrtPEqe2zGOWuyIP2uVtIn5dD_fvoKZetzUULiboAMESM4I1foCclfZErrgBrfWFkBUVsIW9OWPWKoSwJRh04vMF9PM4Tw:1tUmQG:E4X0bPOT-u-XQCd22UAopSMo1Z50SywZnHvET_c444s",
            "expire_date": "2025-01-20T12:41:32.858Z"
        }
    },
    {
        "model": "sessions.session",
        "pk": "mjazdn5j2dc1uw1s1aajhwuarun5kjxg",
        "fields": {
            "session_data": ".eJxVjMsOwiAQRf-FtSGUjjxcuu83kBkYpGogKe3K-O_apAvd3nPOfYmA21rC1nkJcxIXMYrT70YYH1x3kO5Yb03GVtdlJrkr8qBdTi3x83q4fwcFe_nWJtKoMuaIAA5Bsc9wztqjsYoV20FnMuSStZo0gcpOx8FoHBl8Ys_i_QH7CDhi:1tPkZ2:hgFg9cKC0hn_z6bhoKmBTHGMR_TEaYiRFy6opVQ-hbA",
            "expire_date": "2025-01-06T15:41:48.445Z"
        }
    },
    {
        "model": "sessions.session",
        "pk": "mxejlmpwabgurlvzzk3k2pjbhjy1l495",
        "fields": {
            "session_data": ".eJxVjMsOwiAQRf-FtSG0DA9duvcbyAwDUjWQlHZl_HfbpAvd3nPOfYuA61LC2tMcJhYXocXpdyOMz1R3wA-s9yZjq8s8kdwVedAub43T63q4fwcFe9lq5y2akZXOnjK57JRmzuAVnPVIgBbMADrCwBjRem8Vxc0zKWnjI5D4fAHf4zgF:1tP1xv:czboWhvm2YbE8USogM5HpfLgqulbIWqwbj0rN1dCYXA",
            "expire_date": "2025-01-04T16:04:31.231Z"
        }
    },
    {
        "model": "sessions.session",
        "pk": "omsbsh7fub4jfwvt197m72p6tra70wbd",
        "fields": {
            "session_data": ".eJxVjMsOwiAQRf-FtSE8OiAu3fsNZAYGqRqalHZl_HfbpAvdnnPufYuI61Lj2nmOYxYXAeL0ywjTk9su8gPbfZJpass8ktwTedgub1Pm1_Vo_w4q9rqtdSJy2Z6LGkhlzcVbAjDBeAdkFQJrjdryQICkOYDhYIILJoHfSBGfL-U6N8Y:1tOaby:9d9vCLnFERD_FxqwbyO67Ur3EUOc00a9l-Qo0CEcBZU",
            "expire_date": "2025-01-03T10:52:02.967Z"
        }
    },
    {
        "model": "sessions.session",
        "pk": "qcgkbtzakhl2kj7swvsztl05m10dktcu",
        "fields": {
            "session_data": ".eJxVjM0OwiAQhN-FsyH8lAU9evcZCOwuUjU0Ke3J-O62SQ96mmS-b-YtYlqXGtfOcxxJXIQTp98uJ3xy2wE9UrtPEqe2zGOWuyIP2uVtIn5dD_fvoKZetzUULiboAMESM4I1foCclfZErrgBrfWFkBUVsIW9OWPWKoSwJRh04vMF9PM4Tw:1taHIu:QRvRnFWeaARqSadEj6r0qm2FAKR07lLxmDbf8G0UmrA",
            "expire_date": "2025-02-04T16:40:40.166Z"
        }
    },
    {
        "model": "sessions.session",
        "pk": "uueavo5lh0pd4k7na7s0hkjvcyhl5ka9",
        "fields": {
            "session_data": ".eJxVjMsOwiAQRf-FtSG0DA9duvcbyAwDUjWQlHZl_HfbpAvd3nPOfYuA61LC2tMcJhYXocXpdyOMz1R3wA-s9yZjq8s8kdwVedAub43T63q4fwcFe9lq5y2akZXOnjK57JRmzuAVnPVIgBbMADrCwBjRem8Vxc0zKWnjI5D4fAHf4zgF:1tPITm:dKydW5JoP0_dTWxxwPMC5DOw7LpCl5j03vAtkuPK8eE",
            "expire_date": "2025-01-05T09:42:30.590Z"
        }
    },
    {
        "model": "sessions.session",
        "pk": "xejc82e1j89szdr577mjevi8lj8xasci",
        "fields": {
            "session_data": ".eJxVjM0OwiAQhN-FsyH8lAU9evcZCOwuUjU0Ke3J-O62SQ96mmS-b-YtYlqXGtfOcxxJXIQTp98uJ3xy2wE9UrtPEqe2zGOWuyIP2uVtIn5dD_fvoKZetzUULiboAMESM4I1foCclfZErrgBrfWFkBUVsIW9OWPWKoSwJRh04vMF9PM4Tw:1tXNWf:FcC_l83X0fnecVmLYcT9QyyuPtxVc5RaEEXkZS0GT5E",
            "expire_date": "2025-01-27T16:42:53.701Z"
        }
    }
]